id,project_id,project_name,project_desc,user_id,deadline,project_category,imgUrl
"1,1,""Tutoring Game Mobile Legends"",""Membantu pemain Mobile Legends meningkatkan skill dan rank"",1,2023-12-25T00:00:00Z,""Moba"",""https://i.imgur.com/5y377j3.jpg"""
"2,2,""Joki Akun Mobile Legends"",""Membantu pemain Mobile Legends menaikkan rank dengan akun yang disediakan"",1,2023-12-30T00:00:00Z,""Moba"",""https://i.imgur.com/1815742.jpg"""
"3,3,""Ginding Hero Mobile Legends"",""Membantu pemain Mobile Legends mendapatkan hero-hero yang diinginkan"",1,2023-01-05T00:00:00Z,""Moba"",""https://i.imgur.com/5y377j3.jpg"""
"4,4,""Tutoring Game Dota 2"",""Membantu pemain Dota 2 meningkatkan skill dan rank"",2,2023-12-25T00:00:00Z,""Moba"",""https://i.imgur.com/1815742.jpg"""
"5,5,""Joki Akun Dota 2"",""Membantu pemain Dota 2 menaikkan rank dengan akun yang disediakan"",2,2023-12-30T00:00:00Z,""Moba"",""https://i.imgur.com/5y377j3.jpg"""
"6,6,""Ginding Hero Dota 2"",""Membantu pemain Dota 2 mendapatkan hero-hero yang diinginkan"",2,2023-01-05T00:00:00Z,""Moba"",""https://i.imgur.com/1815742.jpg"""
"7,7,""Tutoring Game Genshin Impact"",""Membantu pemain Genshin Impact meningkatkan skill dan menyelesaikan misi"",3,2023-12-25T00:00:00Z,""RPG"",""https://i.imgur.com/5y377j3.jpg"""
"8,8,""Joki Akun Genshin Impact"",""Membantu pemain Genshin Impact mendapatkan item-item langka"",3,2023-12-30T00:00:00Z,""RPG"",""https://i.imgur.com/1815742.jpg"""
"9,9,""Ginding Adventure Rank Genshin Impact"",""Membantu pemain Genshin Impact meningkatkan Adventure Rank"",3,2023-01-05T00:00:00Z,""RPG"",""https://i.imgur.com/5y377j3.jpg"""
"10,10,""Tutoring Game Call of Duty: Mobile"",""Membantu pemain Call of Duty: Mobile meningkatkan keterampilan dan rank"",4,""2023-12-25T00:00:00Z"",""FPS"",""https://i.imgur.com/1815742.jpg"""
"11,11,""Boosting Rank PUBG Mobile"",""Meningkatkan rank pemain PUBG Mobile dengan cepat"",4,""2023-12-30T00:00:00Z"",""BattleRoyal"",""https://i.imgur.com/5y377j3.jpg"""
"12,12,""Escape Room Puzzle Services"",""Menyediakan bantuan dan solusi untuk pemain yang kesulitan dalam puzzle games"",5,""2023-01-05T00:00:00Z"",""Puzzle"",""https://i.imgur.com/1815742.jpg"""
"13,13,""In-Game Soccer Coaching"",""Memberikan pelatihan dan strategi dalam permainan sepak bola virtual"",6,""2023-12-25T00:00:00Z"",""Sports"",""https://i.imgur.com/5y377j3.jpg"""
"14,14,""Horror Game Companion"",""Menemani pemain selama bermain game horor untuk meningkatkan pengalaman"",7,""2023-12-30T00:00:00Z"",""Horor"",""https://i.imgur.com/1815742.jpg"""
"15,15,""Open World Exploration Guide"",""Memandu pemain dalam menjelajahi dunia terbuka game mereka"",8,""2023-01-05T00:00:00Z"",""OpenWorld"",""https://i.imgur.com/5y377j3.jpg"""
"16,16,""Chess Grandmaster Tutoring"",""Tutor catur untuk membantu pemain mencapai tingkat keahlian Grandmaster"",9,""2023-12-25T00:00:00Z"",""Puzzle"",""https://i.imgur.com/1815742.jpg"""
"17,17,""Speedrun Assistance Service"",""Membantu pemain menyelesaikan event story game Honkai Impact"",10,""2023-12-30T00:00:00Z"",""Moba"",""https://i.imgur.com/5y377j3.jpg"""
"18,18,""Virtual Adventure Tour Guide"",""Menyediakan tur virtual untuk pemain game petualangan"",11,""2023-01-05T00:00:00Z"",""Adventure"",""https://i.imgur.com/1815742.jpg"""
"19,19,""Racing Game Pro Driver"",""Pelatih pengemudi profesional untuk game balap"",12,""2023-12-25T00:00:00Z"",""Horor"",""https://i.imgur.com/5y377j3.jpg"""
"20,20,""Mystery Game Detective"",""Memberikan petunjuk dan solusi untuk pemain game misteri"",13,""2023-12-30T00:00:00Z"",""Horor"",""https://i.imgur.com/1815742.jpg"""
"21,21,""Tutoring Game Apex Legends"",""Membantu pemain Apex Legends meningkatkan keterampilan dan rank"",14,""2023-12-25T00:00:00Z"",""FPS"",""https://i.imgur.com/5y377j3.jpg"""
"22,22,""Joki Akun Apex Legends"",""Membantu pemain Apex Legends menaikkan rank dengan akun yang disediakan"",14,""2023-12-30T00:00:00Z"",""FPS"",""https://i.imgur.com/1815742.jpg"""
"23,23,""Ginding Weapon Apex Legends"",""Membantu pemain Apex Legends mendapatkan senjata-senjata yang diinginkan"",14,""2023-01-05T00:00:00Z"",""FPS"",""https://i.imgur.com/5y377j3.jpg"""
"24,24,""Tutoring Game Fortnite"",""Membantu pemain Fortnite meningkatkan keterampilan dan rank"",15,""2023-12-25T00:00:00Z"",""BattleRoyal"",""https://i.imgur.com/1815742.jpg"""
"25,25,""Joki Akun Fortnite"",""Membantu pemain Fortnite menaikkan rank dengan akun yang disediakan"",15,""2023-12-30T00:00:00Z"",""BattleRoyal"",""https://i.imgur.com/5y377j3.jpg"""
"26,26,""Ginding Skins Fortnite"",""Membantu pemain Fortnite mendapatkan skins yang diinginkan"",15,""2023-01-05T00:00:00Z"",""BattleRoyal"",""https://i.imgur.com/1815742.jpg"""
"27,27,""Tutoring Game Minecraft"",""Membantu pemain Minecraft meningkatkan keterampilan dan progres"",16,""2023-12-25T00:00:00Z"",""OpenWorld"",""https://i.imgur.com/5y377j3.jpg"""
"28,28,""Creative Building Services"",""Memberikan bantuan dalam membangun struktur kreatif di Minecraft"",16,""2023-12-30T00:00:00Z"",""OpenWorld"",""https://i.imgur.com/1815742.jpg"""
"29,29,""Virtual Fitness Coach in Ring Fit Adventure"",""Berkolaborasi untuk mencapai tujuan kebugaran dalam game Ring Fit Adventure"",17,""2023-01-05T00:00:00Z"",""Adventure"",""https://i.imgur.com/5y377j3.jpg"""
"30,30,""Tutoring Game Valorant"",""Membantu pemain Valorant meningkatkan keterampilan dan rank"",18,""2023-12-25T00:00:00Z"",""FPS"",""https://i.imgur.com/1815742.jpg"""
"31,31,""Joki Akun Valorant"",""Membantu pemain Valorant menaikkan rank dengan akun yang disediakan"",18,""2023-12-30T00:00:00Z"",""FPS"",""https://i.imgur.com/5y377j3.jpg"""
"32,32,""Grinding Skins Valorant"",""Membantu pemain Valorant mendapatkan skins yang diinginkan"",18,""2023-01-05T00:00:00Z"",""FPS"",""https://i.imgur.com/1815742.jpg"""
"33,33,""Tutoring Game The Witcher 3"",""Membantu pemain The Witcher 3 meningkatkan keterampilan dan menyelesaikan misi"",19,""2023-12-25T00:00:00Z"",""RPG"",""https://i.imgur.com/5y377j3.jpg"""
"34,34,""Monster Hunter Expedition Guide"",""Memberikan panduan dalam mengeksplorasi dunia Monster Hunter"",20,""2023-12-30T00:00:00Z"",""RPG"",""https://i.imgur.com/1815742.jpg"""
"35,35,""Epic Sports Challenges"",""Menawarkan tantangan olahraga epik dalam game"",21,""2023-01-05T00:00:00Z"",""Sports"",""https://i.imgur.com/5y377j3.jpg"""
"36,36,""Puzzle Solver for The Witness"",""Memberikan solusi untuk teka-teki sulit dalam The Witness"",22,""2023-12-25T00:00:00Z"",""Puzzle"",""https://i.imgur.com/1815742.jpg"""
"37,37,""FPS Aim Training Program"",""Program pelatihan untuk meningkatkan ketepatan tembakan dalam game FPS"",23,""2023-12-30T00:00:00Z"",""FPS"",""https://i.imgur.com/5y377j3.jpg"""
"38,38,""Battle Royale Strategy Consultation"",""Konsultasi strategi untuk game Battle Royale"",24,""2023-01-05T00:00:00Z"",""BattleRoyal"",""https://i.imgur.com/1815742.jpg"""
"39,39,""Virtual Dungeon Master for D&D"",""Memandu pemain dalam sesi permainan Dungeons & Dragons virtual"",25,""2023-12-25T00:00:00Z"",""Adventure"",""https://i.imgur.com/5y377j3.jpg"""
"40,40,""Co-op Exploration in No Man's Sky"",""Berkolaborasi dalam menjelajahi galaksi No Man's Sky"",26,""2023-12-30T00:00:00Z"",""OpenWorld"",""https://i.imgur.com/1815742.jpg"""
"41,41,""Mystery Puzzle Adventure"",""Menyediakan petunjuk dan solusi untuk game dengan teka-teki misteri"",13,""2023-01-05T00:00:00Z"",""Puzzle"",""https://i.imgur.com/5y377j3.jpg"""
"42,42,""Epic Racing Challenges"",""Menawarkan tantangan balap epik dalam game"",27,""2023-12-25T00:00:00Z"",""Sports"",""https://i.imgur.com/1815742.jpg"""
"43,43,""VR Horror Experience Guide"",""Memandu pemain dalam pengalaman horor virtual reality"",28,""2023-12-30T00:00:00Z"",""Horor"",""https://i.imgur.com/5y377j3.jpg"""
"44,44,""Open World Photography Tour"",""Menyediakan tur fotografi virtual dalam dunia terbuka game"",29,""2023-01-05T00:00:00Z"",""OpenWorld"",""https://i.imgur.com/1815742.jpg"""
"45,45,""Chess Tactics Masterclass"",""Pelatihan taktik catur untuk pemain yang ingin meningkatkan kemampuan"",16,""2023-12-25T00:00:00Z"",""Puzzle"",""https://i.imgur.com/5y377j3.jpg"""
"46,46,""Mobile Esports Coaching"",""Bimbingan dalam menjadi atlet esports di platform mobile"",30,""2023-12-30T00:00:00Z"",""Sports"",""https://i.imgur.com/1815742.jpg"""
"47,47,""Survival Horror Gameplay Companion"",""Menemani pemain selama bermain game survival horror untuk meningkatkan pengalaman"",7,""2023-01-05T00:00:00Z"",""Horor"",""https://i.imgur.com/5y377j3.jpg"""
"48,48,""Open World Treasure Hunt Services"",""Menyediakan pemandu untuk menjelajahi dunia terbuka dan menemukan harta"",8,""2023-12-25T00:00:00Z"",""OpenWorld"",""https://i.imgur.com/1815742.jpg"""
"49,49,""FPS Sniper Training Program"",""Program pelatihan khusus untuk meningkatkan keahlian sniping dalam game FPS"",18,""2023-12-30T00:00:00Z"",""FPS"",""https://i.imgur.com/5y377j3.jpg"""
"50,50,""Battle Royale Squad Strategy Workshop"",""Workshop strategi untuk meningkatkan kerjasama tim dalam game Battle Royale"",24,""2023-01-05T00:00:00Z"",""BattleRoyal"",""https://i.imgur.com/1815742.jpg"""
"51,51,""RPG Character Building Consultation"",""Konsultasi pembangunan karakter untuk pemain RPG"",3,""2023-12-25T00:00:00Z"",""RPG"",""https://i.imgur.com/5y377j3.jpg"""
"52,52,""Mobile Sports Workout Partner"",""Menjadi mitra latihan olahraga mobile untuk mencapai kebugaran optimal"",21,""2023-12-30T00:00:00Z"",""Sports"",""https://i.imgur.com/1815742.jpg"""
"53,53,""Psychological Horror Game Exploration"",""Menyediakan dukungan psikologis selama eksplorasi dalam game horor"",7,""2023-01-05T00:00:00Z"",""Horor"",""https://i.imgur.com/5y377j3.jpg"""
"54,54,""Open World Cultural Tour Guide"",""Menyajikan tur budaya virtual dalam dunia terbuka game"",8,""2023-12-25T00:00:00Z"",""OpenWorld"",""https://i.imgur.com/1815742.jpg"""
"55,55,""Puzzle-solving Escapade"",""Berkolaborasi dalam menyelesaikan petualangan teka-teki yang menantang"",22,""2023-12-30T00:00:00Z"",""Puzzle"",""https://i.imgur.com/5y377j3.jpg"""
"56,56,""Extreme Sports Challenges in VR"",""Menawarkan tantangan olahraga ekstrem melalui pengalaman virtual reality"",27,""2023-01-05T00:00:00Z"",""Sports"",""https://i.imgur.com/1815742.jpg"""
"57,57,""Supernatural Horror Game Companion"",""Menemani pemain selama bermain game horor supranatural untuk pengalaman yang intens"",7,""2023-12-25T00:00:00Z"",""Horor"",""https://i.imgur.com/5y377j3.jpg"""
"58,58,""Deep Sea Exploration in Open World Games"",""Memandu pemain dalam menjelajahi dunia bawah laut dalam game terbuka"",8,""2023-12-30T00:00:00Z"",""OpenWorld"",""https://i.imgur.com/1815742.jpg"""
"59,59,""FPS Tactical Mission Planning"",""Bantuan dalam merencanakan misi taktis untuk pemain game FPS"",18,""2023-01-05T00:00:00Z"",""FPS"",""https://i.imgur.com/5y377j3.jpg"""
"60,60,""Battle Royale Loot Optimization Services"",""Optimalkan pengambilan loot dalam game Battle Royale untuk kemenangan lebih mudah"",24,""2023-12-25T00:00:00Z"",""BattleRoyal"",""https://i.imgur.com/1815742.jpg"""
"61,61,""Virtual Fitness Coach in Ring Fit Adventure"",""Berkolaborasi untuk mencapai tujuan kebugaran dalam game Ring Fit Adventure"",17,""2023-12-25T00:00:00Z"",""Adventure"",""https://i.imgur.com/5y377j3.jpg"""
"62,62,""Creative Building Services"",""Memberikan bantuan dalam membangun struktur kreatif di Minecraft"",16,""2023-12-30T00:00:00Z"",""Puzzle"",""https://i.imgur.com/1815742.jpg"""
"63,3,""In-Game Soccer Coaching"",""Memberikan pelatihan dan strategi dalam permainan sepak bola virtual"",6,""2023-01-05T00:00:00Z"",""Sports"",""https://i.imgur.com/5y377j3.jpg"""
"64,64,""Epic Racing Challenges"",""Menawarkan tantangan balap epik dalam game"",12,""2023-12-25T00:00:00Z"",""Horor"",""https://i.imgur.com/1815742.jpg"""
"65,65,""Chess Grandmaster Tutoring"",""Tutor catur untuk membantu pemain mencapai tingkat keahlian Grandmaster"",9,""2023-12-30T00:00:00Z"",""Puzzle"",""https://i.imgur.com/5y377j3.jpg"""
"66,66,""Mystery Game Detective"",""Memberikan petunjuk dan solusi untuk pemain game misteri"",13,""2023-01-05T00:00:00Z"",""Horor"",""https://i.imgur.com/1815742.jpg"""
"67,67,""Speedrun Assistance Service"",""Membantu pemain menyelesaikan event story game Honkai Impact"",10,""2023-12-25T00:00:00Z"",""RPG"",""https://i.imgur.com/5y377j3.jpg"""
"68,68,""Virtual Adventure Tour Guide"",""Menyediakan tur virtual untuk pemain game petualangan"",11,""2023-12-30T00:00:00Z"",""Adventure"",""https://i.imgur.com/1815742.jpg"""
"69,69,""Racing Game Pro Driver"",""Pelatih pengemudi profesional untuk game balap"",12,""2023-01-05T00:00:00Z"",""Sports"",""https://i.imgur.com/5y377j3.jpg"""
"70,70,""Escape Room Puzzle Services"",""Menyediakan bantuan dan solusi untuk pemain yang kesulitan dalam puzzle games"",5,""2023-12-25T00:00:00Z"",""Puzzle"",""https://i.imgur.com/1815742.jpg"""
"71,71,""RPG Character Building Consultation"",""Konsultasi pembangunan karakter untuk pemain RPG"",3,""2023-12-25T00:00:00Z"",""RPG"",""https://i.imgur.com/5y377j3.jpg"""
"72,72,""Mobile Sports Workout Partner"",""Menjadi mitra latihan olahraga mobile untuk mencapai kebugaran optimal"",21,""2023-12-30T00:00:00Z"",""Sports"",""https://i.imgur.com/1815742.jpg"""
"73,73,""Psychological Horror Game Exploration"",""Menyediakan dukungan psikologis selama eksplorasi dalam game horor"",7,""2023-01-05T00:00:00Z"",""Horor"",""https://i.imgur.com/5y377j3.jpg"""
"74,74,""Open World Cultural Tour Guide"",""Menyajikan tur budaya virtual dalam dunia terbuka game"",8,""2023-12-25T00:00:00Z"",""OpenWorld"",""https://i.imgur.com/1815742.jpg"""
"75,75,""Puzzle-solving Escapade"",""Berkolaborasi dalam menyelesaikan petualangan teka-teki yang menantang"",22,""2023-12-30T00:00:00Z"",""Puzzle"",""https://i.imgur.com/5y377j3.jpg"""
"76,76,""Extreme Sports Challenges in VR"",""Menawarkan tantangan olahraga ekstrem melalui pengalaman virtual reality"",27,""2023-01-05T00:00:00Z"",""Sports"",""https://i.imgur.com/1815742.jpg"""
"77,77,""Supernatural Horror Game Companion"",""Menemani pemain selama bermain game horor supranatural untuk pengalaman yang intens"",7,""2023-12-25T00:00:00Z"",""Horor"",""https://i.imgur.com/5y377j3.jpg"""
"78,78,""Deep Sea Exploration in Open World Games"",""Memandu pemain dalam menjelajahi dunia bawah laut dalam game terbuka"",8,""2023-12-30T00:00:00Z"",""OpenWorld"",""https://i.imgur.com/1815742.jpg"""
"79,79,""FPS Tactical Mission Planning"",""Bantuan dalam merencanakan misi taktis untuk pemain game FPS"",18,""2023-01-05T00:00:00Z"",""FPS"",""https://i.imgur.com/5y377j3.jpg"""
"80,80,""Battle Royale Loot Optimization Services"",""Optimalkan pengambilan loot dalam game Battle Royale untuk kemenangan lebih mudah"",24,""2023-12-25T00:00:00Z"",""BattleRoyal"",""https://i.imgur.com/1815742.jpg"""
"81,81,""Virtual Pet Training in RPG"",""Melatih dan mengembangkan hewan peliharaan virtual dalam game RPG"",3,""2023-12-25T00:00:00Z"",""RPG"",""https://i.imgur.com/5y377j3.jpg"""
"82,82,""Mobile Cricket Coaching"",""Memberikan pelatihan dan strategi dalam permainan kriket virtual di platform mobile"",21,""2023-12-30T00:00:00Z"",""Sports"",""https://i.imgur.com/1815742.jpg"""
"83,83,""Haunted House Horror Game Guide"",""Panduan untuk menavigasi dan bertahan hidup dalam game horor rumah berhantu"",7,""2023-01-05T00:00:00Z"",""Horor"",""https://i.imgur.com/5y377j3.jpg"""
"84,84,""Archaeological Expedition in Open World Games"",""Memandu pemain dalam mengeksplorasi situs arkeologi di dunia terbuka game"",8,""2023-12-25T00:00:00Z"",""OpenWorld"",""https://i.imgur.com/1815742.jpg"""
"85,85,""Mind-bending Puzzle Challenges"",""Menyajikan tantangan teka-teki yang membutuhkan pemikiran kreatif dan analisis"",22,""2023-12-30T00:00:00Z"",""Puzzle"",""https://i.imgur.com/5y377j3.jpg"""
"86,86,""Winter Sports Simulation"",""Berkolaborasi dalam menghadapi tantangan olahraga musim dingin melalui simulasi"",27,""2023-01-05T00:00:00Z"",""Sports"",""https://i.imgur.com/1815742.jpg"""
"87,87,""Survival Horror Game Strategy Session"",""Konsultasi strategi untuk bertahan hidup dalam game horor bertema survival"",7,""2023-12-25T00:00:00Z"",""Horor"",""https://i.imgur.com/5y377j3.jpg"""
"88,88,""Underwater Exploration in Open World Games"",""Memandu pemain dalam menjelajahi dunia bawah laut di game terbuka"",8,""2023-12-30T00:00:00Z"",""OpenWorld"",""https://i.imgur.com/1815742.jpg"""
"89,89,""Sniper Tactics Masterclass in FPS"",""Pelatihan khusus untuk meningkatkan keahlian sniping dalam game FPS"",18,""2023-01-05T00:00:00Z"",""FPS"",""https://i.imgur.com/5y377j3.jpg"""
"90,90,""Battle Royale Building Workshop"",""Workshop untuk meningkatkan keterampilan membangun dalam game Battle Royale"",24,""2023-12-25T00:00:00Z"",""BattleRoyal"",""https://i.imgur.com/1815742.jpg"""
"91,91,""Virtual Dance Coaching in RPG"",""Memberikan pelatihan tari dan koreografi untuk karakter dalam game RPG"",3,""2023-12-30T00:00:00Z"",""RPG"",""https://i.imgur.com/5y377j3.jpg"""
"92,92,""E-sports Team Strategy Consultation"",""Konsultasi strategi untuk tim e-sports dalam berbagai game"",30,""2023-01-05T00:00:00Z"",""Sports"",""https://i.imgur.com/1815742.jpg"""
"93,93,""Zombie Apocalypse Survival Guide"",""Panduan bertahan hidup dan strategi dalam menghadapi zombie apocalypse di game"",7,""2023-12-25T00:00:00Z"",""Horor"",""https://i.imgur.com/5y377j3.jpg"""
"94,94,""High-speed Racing Challenges"",""Menawarkan tantangan balap dengan kecepatan tinggi dalam berbagai game"",12,""2023-12-30T00:00:00Z"",""Horor"",""https://i.imgur.com/1815742.jpg"""
"95,95,""Chess Opening Mastery"",""Tutoring untuk membantu pemain memahami dan menguasai pembukaan catur"",9,""2023-01-05T00:00:00Z"",""Puzzle"",""https://i.imgur.com/5y377j3.jpg"""
"96,96,""Mysterious Adventure Quests"",""Menyajikan petualangan misterius dengan berbagai quest dan teka-teki"",11,""2023-12-25T00:00:00Z"",""Adventure"",""https://i.imgur.com/1815742.jpg"""
"97,97,""Football Manager Simulation"",""Berkolaborasi dalam mengelola dan memimpin klub sepak bola melalui simulasi"",6,""2023-12-30T00:00:00Z"",""Sports"",""https://i.imgur.com/5y377j3.jpg"""
"98,98,""VR Haunted Maze Exploration"",""Memandu pemain dalam menjelajahi labirin berhantu dalam pengalaman virtual reality"",28,""2023-01-05T00:00:00Z"",""Horor"",""https://i.imgur.com/1815742.jpg"""
"99,99,""Open World Music Festival Tour"",""Menyediakan tur virtual dalam festival musik di dunia terbuka game"",8,""2023-12-25T00:00:00Z"",""OpenWorld"",""https"
"100,100,""FPS Sniper Showdown Event"",""Event kompetisi sniping dalam game FPS untuk penghargaan besar"",18,""2023-12-30T00:00:00Z"",""FPS"",""https://i.imgur.com/5y377j3.jpg"""
"101,101,""Epic BattleRoyal Tournament Coaching"",""Memberikan pelatihan dan strategi untuk turnamen Battle Royale yang intens"",24,""2023-01-05T00:00:00Z"",""BattleRoyal"",""https://i.imgur.com/1815742.jpg"""
"102,102,""Mystery Puzzle Treasure Hunt"",""Petualangan mencari harta dengan teka-teki misteri yang menantang"",13,""2023-12-25T00:00:00Z"",""Puzzle"",""https://i.imgur.com/5y377j3.jpg"""
"103,103,""Open World Survival Training"",""Pelatihan bertahan hidup dan eksplorasi dalam dunia terbuka game"",8,""2023-12-30T00:00:00Z"",""OpenWorld"",""https://i.imgur.com/1815742.jpg"""
"104,104,""Virtual Sports Championship Coaching"",""Bimbingan untuk mempersiapkan pemain dalam kejuaraan olahraga virtual"",21,""2023-01-05T00:00:00Z"",""Sports"",""https://i.imgur.com/5y377j3.jpg"""
"105,105,""Horror Movie Night in Virtual Reality"",""Menyajikan pengalaman menonton film horor dalam virtual reality"",7,""2023-12-25T00:00:00Z"",""Horor"",""https://i.imgur.com/1815742.jpg"""
"106,106,""FPS Elite Squad Training"",""Pelatihan intensif untuk membentuk squad elit dalam game FPS"",18,""2023-12-30T00:00:00Z"",""FPS"",""https://i.imgur.com/5y377j3.jpg"""
"107,107,""Adventure Quest Writing Service"",""Menyediakan layanan penulisan quest dan cerita untuk petualangan game"",11,""2023-01-05T00:00:00Z"",""Adventure"",""https://i.imgur.com/1815742.jpg"""
"108,108,""Chess Endgame Tactics Mastery"",""Tutoring khusus untuk membantu pemain memahami taktik akhir permainan catur"",9,""2023-12-25T00:00:00Z"",""Puzzle"",""https://i.imgur.com/5y377j3.jpg"""
"109,109,""Virtual Archery Training"",""Pelatihan memanah virtual untuk meningkatkan keterampilan dan presisi"",21,""2023-12-30T00:00:00Z"",""Sports"",""https://i.imgur.com/1815742.jpg"""
"110,110,""RPG Dungeon Design Consultation"",""Konsultasi desain dungeon untuk pemain yang ingin membuat konten RPG"",3,""2023-01-05T00:00:00Z"",""RPG"",""https://i.imgur.com/5y377j3.jpg"""
"111,111,""Moba Team Coordination Workshop"",""Workshop untuk meningkatkan koordinasi tim dalam game Moba"",1,""2023-12-25T00:00:00Z"",""Moba"",""https://i.imgur.com/1815742.jpg"""
"112,112,""Open World Culinary Exploration"",""Memandu pemain dalam menjelajahi resep dan kuliner dalam dunia terbuka game"",8,""2023-12-30T00:00:00Z"",""OpenWorld"",""https://i.imgur.com/5y377j3.jpg"""
"113,113,""Sports Strategy Analysis"",""Analisis strategi untuk permainan olahraga virtual seperti sepak bola dan kriket"",21,""2023-01-05T00:00:00Z"",""Sports"",""https://i.imgur.com/1815742.jpg"""
"114,114,""Horror VR Escape Room Experience"",""Pengalaman escape room horor dalam virtual reality untuk ketegangan maksimal"",7,""2023-12-25T00:00:00Z"",""Horor"",""https://i.imgur.com/5y377j3.jpg"""
"115,115,""FPS Weapon Skin Design Service"",""Layanan desain skin senjata khusus untuk game FPS"",18,""2023-12-30T00:00:00Z"",""FPS"",""https://i.imgur.com/1815742.jpg"""
"116,116,""Battle Royale Loot Drop Analysis"",""Analisis loot drop untuk mengoptimalkan perolehan item dalam game Battle Royale"",24,""2023-01-05T00:00:00Z"",""BattleRoyal"",""https://i.imgur.com/5y377j3.jpg"""
"117,117,""Adventure Novel Ghostwriting"",""Penulisan novel petualangan untuk pemain yang ingin mengabadikan cerita game"",11,""2023-12-25T00:00:00Z"",""Adventure"",""https://i.imgur.com/1815742.jpg"""
"118,118,""Puzzle Board Game Development"",""Bantuan dalam merancang dan mengembangkan permainan papan teka-teki"",22,""2023-12-30T00:00:00Z"",""Puzzle"",""https://i.imgur.com/5y377j3.jpg"""
"119,119,""Virtual Reality Sports Tournament"",""Mengorganisir turnamen olahraga virtual dengan pengalaman virtual reality"",21,""2023-01-05T00:00:00Z"",""Sports"",""https://i.imgur.com/1815742.jpg"""
"120,120,""Sci-Fi FPS Campaign Consultation"",""Konsultasi untuk merancang kampanye fiksi ilmiah dalam game FPS"",18,""2023-12-25T00:00:00Z"",""FPS"",""https://i.imgur.com/5y377j3.jpg"""
"121,121,""RPG Guild Management Services"",""Membantu pemain RPG dalam manajemen dan pengembangan guild"",3,""2023-12-30T00:00:00Z"",""RPG"",""https://i.imgur.com/1815742.jpg"""
"122,122,""Moba Tournament Analysis"",""Analisis pertandingan turnamen Moba untuk strategi dan perbaikan"",1,""2023-01-05T00:00:00Z"",""Moba"",""https://i.imgur.com/5y377j3.jpg"""
"123,123,""Horror Game VR Streaming"",""Streaming permainan horor dalam virtual reality untuk pengalaman menegangkan"",7,""2023-12-25T00:00:00Z"",""Horor"",""https://i.imgur.com/1815742.jpg"""
"124,124,""Open World Wildlife Photography Tour"",""Tur fotografi satwa liar dalam dunia terbuka game"",8,""2023-12-30T00:00:00Z"",""OpenWorld"",""https://i.imgur.com/5y377j3.jpg"""
"125,125,""Sports Injury Prevention Program"",""Program pencegahan cedera olahraga virtual untuk atlet eSports"",21,""2023-01-05T00:00:00Z"",""Sports"",""https://i.imgur.com/1815742.jpg"""
"126,126,""Puzzle Board Game Night Organizer"",""Mengorganisir acara malam permainan papan teka-teki untuk penggemar"",22,""2023-12-25T00:00:00Z"",""Puzzle"",""https://i.imgur.com/5y377j3.jpg"""
"127,127,""FPS Sniper Elite Challenge"",""Tantangan khusus untuk pemain sniping elite dalam game FPS"",18,""2023-12-30T00:00:00Z"",""FPS"",""https://i.imgur.com/1815742.jpg"""
"128,128,""Battle Royale Fashion Show"",""Fashion show khusus untuk skin dan pakaian dalam game Battle Royale"",24,""2023-01-05T00:00:00Z"",""BattleRoyal"",""https://i.imgur.com/5y377j3.jpg"""
"129,129,""Adventure Book Club"",""Klub buku petualangan untuk membahas cerita dan quest dalam game"",11,""2023-12-25T00:00:00Z"",""Adventure"",""https://i.imgur.com/1815742.jpg"""
"130,130,""Chess Strategy Workshop"",""Workshop strategi catur untuk pemain yang ingin meningkatkan keahlian"",9,""2023-12-30T00:00:00Z"",""Puzzle"",""https://i.imgur.com/5y377j3.jpg"""
"131,131,""Moba Hero Design Consultation"",""Konsultasi desain hero untuk pemain yang ingin menciptakan karakter Moba"",1,""2023-01-05T00:00:00Z"",""Moba"",""https://i.imgur.com/1815742.jpg"""
"132,132,""Open World Historical Exploration"",""Memandu pemain dalam menjelajahi dunia terbuka dengan setting sejarah"",8,""2023-12-25T00:00:00Z"",""OpenWorld"",""https://i.imgur.com/5y377j3.jpg"""
"133,133,""Sports Nutrition Consultation"",""Konsultasi nutrisi khusus untuk atlet eSports dan pemain olahraga virtual"",21,""2023-12-30T00:00:00Z"",""Sports"",""https://i.imgur.com/1815742.jpg"""
"134,134,""Horror Game Soundtrack Composition"",""Penciptaan soundtrack khusus untuk game horor untuk menciptakan atmosfer"",7,""2023-01-05T00:00:00Z"",""Horor"",""https://i.imgur.com/5y377j3.jpg"""
"135,135,""FPS Tactical Gear Advisor"",""Memberikan saran tentang peralatan taktis untuk pemain game FPS"",18,""2023-12-25T00:00:00Z"",""FPS"",""https://i.imgur.com/1815742.jpg"""
"136,136,""Battle Royale Stream Overlay Design"",""Desain overlay streaming khusus untuk konten Battle Royale"",24,""2023-12-30T00:00:00Z"",""BattleRoyal"",""https://i.imgur.com/5y377j3.jpg"""
"137,137,""Adventure Game Map Illustration"",""Ilustrasi peta khusus untuk game petualangan untuk memandu pemain"",11,""2023-01-05T00:00:00Z"",""Adventure"",""https://i.imgur.com/1815742.jpg"""
"138,138,""Puzzle Game Tournament Hosting"",""Menyelenggarakan turnamen teka-teki untuk pemain yang ingin bersaing"",22,""2023-12-25T00:00:00Z"",""Puzzle"",""https://i.imgur.com/5y377j3.jpg"""
"139,139,""Open World Real Estate Agent"",""Menawarkan jasa agen properti dalam dunia terbuka game untuk pemain"",8,""2023-12-30T00:00:00Z"",""OpenWorld"",""https://i.imgur.com/1815742.jpg"""
"140,140,""Virtual Reality Skiing Adventure"",""Petualangan ski virtual dalam dunia terbuka game dengan pengalaman VR"",21,""2023-01-05T00:00:00Z"",""Sports"",""https://i.imgur.com/5y377j3.jpg"""
"141,141,""RPG Dungeon Master Services"",""Menyediakan pemandu untuk sesi permainan Dungeons & Dragons virtual"",25,""2023-12-25T00:00:00Z"",""Adventure"",""https://i.imgur.com/1815742.jpg"""
"142,142,""Moba Team Strategy Coaching"",""Bimbingan dalam pengembangan strategi tim untuk permainan Moba"",1,""2023-12-30T00:00:00Z"",""Moba"",""https://i.imgur.com/5y377j3.jpg"""
"143,143,""Horror Game Let's Play Partner"",""Menjadi mitra bermain dalam seri Let's Play untuk game horor"",7,""2023-01-05T00:00:00Z"",""Horor"",""https://i.imgur.com/1815742.jpg"""
"144,144,""Open World Mythical Creature Tours"",""Tur untuk melihat makhluk mitos dalam dunia terbuka game"",8,""2023-12-25T00:00:00Z"",""OpenWorld"",""https://i.imgur.com/5y377j3.jpg"""
"145,145,""Sports Team Analysis for eSports"",""Analisis kinerja tim olahraga virtual untuk meningkatkan performa"",21,""2023-12-30T00:00:00Z"",""Sports"",""https://i.imgur.com/1815742.jpg"""
"146,146,""Puzzle Game Speedrun Training"",""Pelatihan untuk menyelesaikan teka-teki game secepat mungkin"",22,""2023-01-05T00:00:00Z"",""Puzzle"",""https://i.imgur.com/5y377j3.jpg"""
"147,147,""FPS Weapon Attachment Customization"",""Kustomisasi lampiran senjata untuk meningkatkan performa dalam game FPS"",18,""2023-12-25T00:00:00Z"",""FPS"",""https://i.imgur.com/1815742.jpg"""
"148,148,""Battle Royale Clan Recruitment Agency"",""Membantu pemain Battle Royale mencari dan bergabung dengan klan"",24,""2023-12-30T00:00:00Z"",""BattleRoyal"",""https://i.imgur.com/5y377j3.jpg"""
"149,149,""Adventure Game Fan Fiction Writing"",""Menulis cerita tambahan dan fiksi untuk game petualangan"",11,""2023-01-05T00:00:00Z"",""Adventure"",""https://i.imgur.com/1815742.jpg"""
"150,150,""Chess Opening Repertoire Consultation"",""Konsultasi pembukaan catur untuk meningkatkan strategi pembukaan"",9,""2023-12-25T00:00:00Z"",""Puzzle"",""https://i.imgur.com/5y377j3.jpg"""
"151,151,""Moba Live Commentary"",""Memberikan komentar langsung saat bermain dalam pertandingan Moba"",1,""2023-12-30T00:00:00Z"",""Moba"",""https://i.imgur.com/1815742.jpg"""
"152,152,""Open World Culinary Exploration"",""Menyajikan tur virtual untuk mencicipi makanan dalam dunia terbuka game"",8,""2023-01-05T00:00:00Z"",""OpenWorld"",""https://i.imgur.com/5y377j3.jpg"""
"153,153,""Sports Yoga Instructor in VR"",""Instruktur yoga virtual untuk meningkatkan kesehatan pemain olahraga virtual"",21,""2023-12-25T00:00:00Z"",""Sports"",""https://i.imgur.com/1815742.jpg"""
"154,154,""Horror Game Live Reaction Companion"",""Menemani pemain dengan reaksi langsung saat bermain game horor"",7,""2023-12-30T00:00:00Z"",""Horor"",""https://i.imgur.com/5y377j3.jpg"""
"155,155,""FPS Sniper Duo Challenge"",""Tantangan duo sniping untuk meningkatkan kerjasama dalam game FPS"",18,""2023-01-05T00:00:00Z"",""FPS"",""https://i.imgur.com/1815742.jpg"""
"156,156,""Battle Royale Loot Trading Marketplace"",""Platform perdagangan loot untuk pemain Battle Royale"",24,""2023-12-25T00:00:00Z"",""BattleRoyal"",""https://i.imgur.com/5y377j3.jpg"""
"157,157,""Adventure Game Concept Art Commission"",""Menghasilkan seni konsep khusus untuk game petualangan"",11,""2023-12-30T00:00:00Z"",""Adventure"",""https://i.imgur.com/1815742.jpg"""
"158,158,""Puzzle Game Cooperative Challenges"",""Menyediakan tantangan kooperatif untuk pemain yang ingin bekerja sama"",22,""2023-01-05T00:00:00Z"",""Puzzle"",""https://i.imgur.com/5y377j3.jpg"""
"159,159,""Open World Environmental Conservation Quests"",""Misi konservasi lingkungan dalam dunia terbuka game"",8,""2023-12-25T00:00:00Z"",""OpenWorld"",""https://i.imgur.com/1815742.jpg"""
"160,160,""Sports Esports Betting Tips"",""Memberikan tips taruhan esports khususnya untuk olahraga virtual"",21,""2023-01-05T00:00:00Z"",""Sports"",""https://i.imgur.com/5y377j3.jpg"""
"161,161,""RPG Storyline Consulting"",""Konsultasi pengembangan alur cerita untuk pemain game RPG"",3,""2023-12-25T00:00:00Z"",""RPG"",""https://i.imgur.com/5y377j3.jpg"""
"162,162,""Moba Tournament Strategy Coach"",""Pelatih strategi turnamen Moba untuk tim kompetitif"",1,""2023-12-30T00:00:00Z"",""Moba"",""https://i.imgur.com/1815742.jpg"""
"163,163,""Horror Game VR Immersion Guide"",""Memandu pemain untuk pengalaman imersif dalam game horor virtual reality"",7,""2023-01-05T00:00:00Z"",""Horor"",""https://i.imgur.com/5y377j3.jpg"""
"164,164,""Open World Wildlife Photography"",""Tur fotografi satwa liar dalam dunia terbuka game"",8,""2023-12-25T00:00:00Z"",""OpenWorld"",""https://i.imgur.com/1815742.jpg"""
"165,165,""Sports Nutritionist for Esports"",""Ahli gizi khusus untuk meningkatkan kinerja pemain olahraga virtual"",21,""2023-12-30T00:00:00Z"",""Sports"",""https://i.imgur.com/5y377j3.jpg"""
"166,166,""Puzzle Game Art Puzzle Design"",""Desain puzzle seni khusus untuk game teka-teki"",22,""2023-01-05T00:00:00Z"",""Puzzle"",""https://i.imgur.com/1815742.jpg"""
"167,167,""FPS Combat Training Bootcamp"",""Bootcamp pelatihan pertempuran untuk meningkatkan keterampilan tempur FPS"",18,""2023-12-25T00:00:00Z"",""FPS"",""https://i.imgur.com/5y377j3.jpg"""
"168,168,""Battle Royale Streamer Collaboration"",""Kolaborasi dengan streamer untuk pertunjukan live dalam game Battle Royale"",24,""2023-12-30T00:00:00Z"",""BattleRoyal"",""https://i.imgur.com/1815742.jpg"""
"169,169,""Adventure Game Easter Egg Hunt"",""Tur untuk menemukan rahasia dan easter egg dalam game petualangan"",11,""2023-01-05T00:00:00Z"",""Adventure"",""https://i.imgur.com/5y377j3.jpg"""
"170,170,""Chess Endgame Mastery Program"",""Program penguasaan akhir permainan catur untuk pemain yang serius"",9,""2023-12-25T00:00:00Z"",""Puzzle"",""https://i.imgur.com/1815742.jpg"""
"171,171,""Moba Shoutcaster Services"",""Menyediakan layanan komentator untuk pertandingan Moba"",1,""2023-12-30T00:00:00Z"",""Moba"",""https://i.imgur.com/5y377j3.jpg"""
"172,172,""Open World Historical Reenactment Guide"",""Memandu pemain dalam reenactment sejarah dunia terbuka game"",8,""2023-01-05T00:00:00Z"",""OpenWorld"",""https://i.imgur.com/1815742.jpg"""
"173,173,""Sports Injury Prevention Workshop"",""Workshop pencegahan cedera olahraga untuk pemain olahraga virtual"",21,""2023-12-25T00:00:00Z"",""Sports"",""https://i.imgur.com/5y377j3.jpg"""
"174,174,""Horror Game Soundtrack Composer"",""Menciptakan soundtrack khusus untuk game horor"",7,""2023-12-30T00:00:00Z"",""Horor"",""https://i.imgur.com/1815742.jpg"""
"175,175,""FPS Tactical Gear Consultation"",""Konsultasi peralatan taktis untuk meningkatkan kinerja dalam game FPS"",18,""2023-01-05T00:00:00Z"",""FPS"",""https://i.imgur.com/5y377j3.jpg"""
"176,176,""Battle Royale Victory Celebration Planner"",""Perencanaan acara khusus untuk merayakan kemenangan dalam game Battle Royale"",24,""2023-12-25T00:00:00Z"",""BattleRoyal"",""https://i.imgur.com/1815742.jpg"""
"177,177,""Adventure Game World-Building Workshop"",""Workshop membangun dunia untuk pemain yang ingin menciptakan game petualangan"",11,""2023-12-30T00:00:00Z"",""Adventure"",""https://i.imgur.com/5y377j3.jpg"""
"178,178,""Puzzle Game Mindfulness Meditation"",""Sesi meditasi kebijaksanaan untuk pemain yang ingin bersantai dengan game teka-teki"",22,""2023-01-05T00:00:00Z"",""Puzzle"",""https://i.imgur.com/1815742.jpg"""
"179,179,""Open World Geocaching Services"",""Mengatur kegiatan geocaching virtual dalam dunia terbuka game"",8,""2023-12-25T00:00:00Z"",""OpenWorld"",""https://i.imgur.com/5y377j3.jpg"""
"180,180,""Sports Team Logo Design Commission"",""Mendesain logo khusus untuk tim olahraga virtual"",21,""2023-01-05T00:00:00Z"",""Sports"",""https://i.imgur.com/1815742.jpg"""
"181,181,""RPG Dungeon Master Services"",""Memandu pemain melalui petualangan epik dalam game RPG"",3,""2023-12-25T00:00:00Z"",""RPG"",""https://i.imgur.com/5y377j3.jpg"""
"182,182,""Moba Esports Team Analyst"",""Analisis kinerja tim esports Moba dan memberikan rekomendasi strategi"",1,""2023-12-30T00:00:00Z"",""Moba"",""https://i.imgur.com/1815742.jpg"""
"183,183,""Horror Game Live Reaction Streamer"",""Streamer yang memberikan reaksi langsung saat bermain game horor"",7,""2023-01-05T00:00:00Z"",""Horor"",""https://i.imgur.com/5y377j3.jpg"""
"184,184,""Open World Survival Guide"",""Panduan bertahan hidup dalam dunia terbuka game"",8,""2023-12-25T00:00:00Z"",""OpenWorld"",""https://i.imgur.com/1815742.jpg"""
"185,185,""Sports Psychology Coaching"",""Pelatih psikologi olahraga untuk meningkatkan fokus dan kinerja pemain"",21,""2023-12-30T00:00:00Z"",""Sports"",""https://i.imgur.com/5y377j3.jpg"""
"186,186,""Puzzle Game Level Design Services"",""Membuat desain level khusus untuk game teka-teki"",22,""2023-01-05T00:00:00Z"",""Puzzle"",""https://i.imgur.com/1815742.jpg"""
"187,187,""FPS Weapon Customization Specialist"",""Spesialis kustomisasi senjata FPS untuk meningkatkan kinerja"",18,""2023-12-25T00:00:00Z"",""FPS"",""https://i.imgur.com/5y377j3.jpg"""
"188,188,""Battle Royale In-Game Event Organizer"",""Mengatur acara khusus dan turnamen dalam game Battle Royale"",24,""2023-12-30T00:00:00Z"",""BattleRoyal"",""https://i.imgur.com/1815742.jpg"""
"189,189,""Adventure Game Speedrun Training"",""Pelatihan khusus untuk pemain yang ingin menyelesaikan game petualangan dengan cepat"",11,""2023-01-05T00:00:00Z"",""Adventure"",""https://i.imgur.com/5y377j3.jpg"""
"190,190,""Chess Opening Strategy Workshop"",""Workshop strategi pembukaan catur untuk pemain yang ingin unggul di awal permainan"",9,""2023-12-25T00:00:00Z"",""Puzzle"",""https://i.imgur.com/1815742.jpg"""
"191,191,""Moba Cosplay Costume Designer"",""Perancang kostum cosplay khusus untuk karakter game Moba"",1,""2023-12-30T00:00:00Z"",""Moba"",""https://i.imgur.com/5y377j3.jpg"""
"192,192,""Open World Architecture Consultant"",""Konsultan arsitektur untuk pemain yang ingin membangun struktur dalam dunia terbuka game"",8,""2023-01-05T00:00:00Z"",""OpenWorld"",""https://i.imgur.com/1815742.jpg"""
"193,193,""Sports Game Virtual Marathon Organizer"",""Mengatur maraton virtual dalam game olahraga untuk penggalangan dana"",21,""2023-12-25T00:00:00Z"",""Sports"",""https://i.imgur.com/5y377j3.jpg"""
"194,194,""Horror Game Voice Actor for Jump Scares"",""Pengisi suara khusus untuk adegan jump scares dalam game horor"",7,""2023-12-30T00:00:00Z"",""Horor"",""https://i.imgur.com/1815742.jpg"""
"195,195,""FPS Map Design Specialist"",""Spesialis desain peta FPS untuk menciptakan pengalaman bermain yang unik"",18,""2023-01-05T00:00:00Z"",""FPS"",""https://i.imgur.com/5y377j3.jpg"""
"196,196,""Battle Royale Squad Fashion Stylist"",""Stilis mode untuk merancang penampilan anggota tim dalam game Battle Royale"",24,""2023-12-25T00:00:00Z"",""BattleRoyal"",""https://i.imgur.com/1815742.jpg"""
"197,197,""Adventure Game Quest Writing Services"",""Penulisan cerita dan misi khusus untuk game petualangan"",11,""2023-12-30T00:00:00Z"",""Adventure"",""https://i.imgur.com/5y377j3.jpg"""
"198,198,""Puzzle Game Augmented Reality Challenges"",""Menyediakan tantangan teka-teki menggunakan teknologi augmented reality"",22,""2023-01-05T00:00:00Z"",""Puzzle"",""https://i.imgur.com/1815742.jpg"""
"199,199,""Open World Cooking Classes"",""Kelas memasak virtual dalam dunia terbuka game"",8,""2023-12-25T00:00:00Z"",""OpenWorld"",""https://i.imgur.com/5y377j3.jpg"""
"200,200,""Sports Game Injury Simulation Trainer"",""Pelatih simulasi cedera untuk meningkatkan respons pemain dalam game olahraga"",21,""2023-01-05T00:00:00Z"",""Sports"",""https://i.imgur.com/1815742.jpg"""
"201,201,""RPG Side Quest Guide"",""Memandu pemain melalui berbagai side quest dan misi sampingan dalam game RPG"",3,""2023-12-25T00:00:00Z"",""RPG"",""https://i.imgur.com/5y377j3.jpg"""
"202,202,""Moba Team Coach"",""Melatih dan memberikan strategi kepada tim esports Moba"",1,""2023-12-30T00:00:00Z"",""Moba"",""https://i.imgur.com/1815742.jpg"""
"203,203,""Horror Game Speedrun Specialist"",""Spesialis dalam menyelesaikan game horor dengan cepat"",7,""2023-01-05T00:00:00Z"",""Horor"",""https://i.imgur.com/5y377j3.jpg"""
"204,204,""Open World Travel Blogger"",""Menulis blog perjalanan virtual berdasarkan pengalaman dalam dunia terbuka game"",8,""2023-12-25T00:00:00Z"",""OpenWorld"",""https://i.imgur.com/1815742.jpg"""
"205,205,""Sports Game Physiotherapist"",""Menyediakan layanan fisioterapi virtual untuk pemain game olahraga"",21,""2023-12-30T00:00:00Z"",""Sports"",""https://i.imgur.com/5y377j3.jpg"""
"206,206,""Puzzle Game Beta Tester"",""Menguji versi beta game teka-teki dan memberikan umpan balik"",22,""2023-01-05T00:00:00Z"",""Puzzle"",""https://i.imgur.com/1815742.jpg"""
"207,207,""FPS Sniper Loadout Advisor"",""Memberikan saran tentang loadout dan taktik sniping dalam game FPS"",18,""2023-12-25T00:00:00Z"",""FPS"",""https://i.imgur.com/5y377j3.jpg"""
"208,208,""Battle Royale Livestream Host"",""Menjadi pembawa acara dalam siaran langsung game Battle Royale"",24,""2023-12-30T00:00:00Z"",""BattleRoyal"",""https://i.imgur.com/1815742.jpg"""
"209,209,""Adventure Game Story Consultant"",""Memberikan saran dan ide untuk pengembangan cerita dalam game petualangan"",11,""2023-01-05T00:00:00Z"",""Adventure"",""https://i.imgur.com/5y377j3.jpg"""
"210,210,""Chess Endgame Tactics Tutor"",""Tutor untuk membantu pemain menguasai taktik endgame dalam permainan catur"",9,""2023-12-25T00:00:00Z"",""Puzzle"",""https://i.imgur.com/1815742.jpg"""
"211,211,""Moba In-Game Statistician"",""Menganalisis statistik kinerja pemain dan tim esports Moba"",1,""2023-12-30T00:00:00Z"",""Moba"",""https://i.imgur.com/5y377j3.jpg"""
"212,212,""Open World Environmental Scientist"",""Mempelajari dan menganalisis ekosistem dalam dunia terbuka game"",8,""2023-01-05T00:00:00Z"",""OpenWorld"",""https://i.imgur.com/1815742.jpg"""
"213,213,""Sports Game Nutritionist"",""Menyediakan saran nutrisi virtual untuk meningkatkan performa pemain game olahraga"",21,""2023-12-25T00:00:00Z"",""Sports"",""https://i.imgur.com/5y377j3.jpg"""
"214,214,""Horror Game Soundtrack Composer"",""Menciptakan musik latar khusus untuk game horor"",7,""2023-12-30T00:00:00Z"",""Horor"",""https://i.imgur.com/1815742.jpg"""
"215,215,""FPS Game Tactical Strategist"",""Merancang strategi taktis khusus untuk pemain game FPS"",18,""2023-01-05T00:00:00Z"",""FPS"",""https://i.imgur.com/5y377j3.jpg"""
"216,216,""Battle Royale Fashion Influencer"",""Mempromosikan tren mode dalam game Battle Royale"",24,""2023-12-25T00:00:00Z"",""BattleRoyal"",""https://i.imgur.com/1815742.jpg"""
"217,217,""Adventure Game World Builder"",""Membantu dalam membangun dunia baru untuk game petualangan"",11,""2023-12-30T00:00:00Z"",""Adventure"",""https://i.imgur.com/5y377j3.jpg"""
"218,218,""Puzzle Game Level Editor"",""Mengedit dan membuat level baru untuk game teka-teki"",22,""2023-01-05T00:00:00Z"",""Puzzle"",""https://i.imgur.com/1815742.jpg"""
"219,219,""Open World Wildlife Photographer"",""Menjadi fotografer virtual untuk mengabadikan kehidupan liar dalam dunia terbuka game"",8,""2023-12-25T00:00:00Z"",""OpenWorld"",""https://i.imgur.com/5y377j3.jpg"""
"220,220,""Sports Game Analyst"",""Menganalisis permainan dan memberikan wawasan taktis untuk pemain game olahraga"",21,""2023-01-05T00:00:00Z"",""Sports"",""https://i.imgur.com/1815742.jpg"""
"221,221,""RPG Lore Explorer"",""Menyelami dan menjelaskan lore dalam game RPG kepada pemain"",3,""2023-12-25T00:00:00Z"",""RPG"",""https://i.imgur.com/5y377j3.jpg"""
"222,222,""Moba Drafting Strategist"",""Merancang strategi pemilihan hero dalam game esports Moba"",1,""2023-12-30T00:00:00Z"",""Moba"",""https://i.imgur.com/1815742.jpg"""
"223,223,""Horror Game Beta Tester"",""Menguji versi beta game horor dan memberikan umpan balik"",7,""2023-01-05T00:00:00Z"",""Horor"",""https://i.imgur.com/5y377j3.jpg"""
"224,224,""Open World Archaeologist"",""Menggali dan mendokumentasikan artefak virtual dalam dunia terbuka game"",8,""2023-12-25T00:00:00Z"",""OpenWorld"",""https://i.imgur.com/1815742.jpg"""
"225,225,""Sports Game Psychologist"",""Memberikan dukungan psikologis untuk meningkatkan performa pemain game olahraga"",21,""2023-12-30T00:00:00Z"",""Sports"",""https://i.imgur.com/5y377j3.jpg"""
"226,226,""Puzzle Game Level Tester"",""Menguji tingkat kesulitan dan kecerdasan dalam game teka-teki"",22,""2023-01-05T00:00:00Z"",""Puzzle"",""https://i.imgur.com/1815742.jpg"""
"227,227,""FPS Gunsmith Specialist"",""Memberikan saran tentang penyesuaian senjata dan peralatan dalam game FPS"",18,""2023-12-25T00:00:00Z"",""FPS"",""https://i.imgur.com/5y377j3.jpg"""
"228,228,""Battle Royale Event Coordinator"",""Merencanakan dan melaksanakan acara khusus dalam game Battle Royale"",24,""2023-12-30T00:00:00Z"",""BattleRoyal"",""https://i.imgur.com/1815742.jpg"""
"229,229,""Adventure Game Dialogue Writer"",""Menulis dialog dan cerita untuk game petualangan"",11,""2023-01-05T00:00:00Z"",""Adventure"",""https://i.imgur.com/5y377j3.jpg"""
"230,230,""Chess Opening Strategy Analyst"",""Menganalisis dan memberikan strategi pembukaan untuk permainan catur"",9,""2023-12-25T00:00:00Z"",""Puzzle"",""https://i.imgur.com/1815742.jpg"""
"231,231,""Moba Esports Shoutcaster"",""Menjadi narator dalam pertandingan esports Moba"",1,""2023-12-30T00:00:00Z"",""Moba"",""https://i.imgur.com/5y377j3.jpg"""
"232,232,""Open World Weather Forecaster"",""Memberikan ramalan cuaca virtual dalam dunia terbuka game"",8,""2023-01-05T00:00:00Z"",""OpenWorld"",""https://i.imgur.com/1815742.jpg"""
"233,233,""Sports Game Yoga Instructor"",""Menyediakan panduan yoga virtual untuk pemain game olahraga"",21,""2023-12-25T00:00:00Z"",""Sports"",""https://i.imgur.com/5y377j3.jpg"""
"234,234,""Horror Game Narrative Designer"",""Merancang alur cerita dan elemen naratif untuk game horor"",7,""2023-12-30T00:00:00Z"",""Horor"",""https://i.imgur.com/1815742.jpg"""
"235,235,""FPS Game Map Designer"",""Mendesain peta dan lingkungan untuk game FPS"",18,""2023-01-05T00:00:00Z"",""FPS"",""https://i.imgur.com/5y377j3.jpg"""
"236,236,""Battle Royale Cosplay Consultant"",""Memberikan saran dan panduan untuk cosplay karakter dalam game Battle Royale"",24,""2023-12-25T00:00:00Z"",""BattleRoyal"",""https://i.imgur.com/1815742.jpg"""
"237,237,""Adventure Game Sound Effects Creator"",""Menciptakan efek suara khusus untuk game petualangan"",11,""2023-12-30T00:00:00Z"",""Adventure"",""https://i.imgur.com/5y377j3.jpg"""
"238,238,""Puzzle Game Puzzle Designer"",""Merancang teka-teki dan puzzle untuk game teka-teki"",22,""2023-01-05T00:00:00Z"",""Puzzle"",""https://i.imgur.com/1815742.jpg"""
"239,239,""Open World Botanist"",""Mempelajari dan mengklasifikasikan flora virtual dalam dunia terbuka game"",8,""2023-12-25T00:00:00Z"",""OpenWorld"",""https://i.imgur.com/5y377j3.jpg"""
"240,240,""Sports Game Referee Simulator"",""Memberikan simulasi pengalaman menjadi wasit dalam game olahraga"",21,""2023-01-05T00:00:00Z"",""Sports"",""https://i.imgur.com/1815742.jpg"""
"241,241,""RPG Quest Guide"",""Memberikan panduan langkah demi langkah untuk menyelesaikan quest dalam game RPG"",3,""2023-12-25T00:00:00Z"",""RPG"",""https://i.imgur.com/5y377j3.jpg"""
"242,242,""Moba Team Coach"",""Melatih dan membimbing tim esports Moba untuk meningkatkan kinerja"",1,""2023-12-30T00:00:00Z"",""Moba"",""https://i.imgur.com/1815742.jpg"""
"243,243,""Horror Game Streamer"",""Menyiarkan permainan horor secara langsung dan berinteraksi dengan penonton"",7,""2023-01-05T00:00:00Z"",""Horor"",""https://i.imgur.com/5y377j3.jpg"""
"244,244,""Open World Ecologist"",""Mempelajari dan menyusun ekosistem virtual dalam dunia terbuka game"",8,""2023-12-25T00:00:00Z"",""OpenWorld"",""https://i.imgur.com/1815742.jpg"""
"245,245,""Sports Game Nutritionist"",""Memberikan saran gizi virtual untuk meningkatkan performa pemain game olahraga"",21,""2023-12-30T00:00:00Z"",""Sports"",""https://i.imgur.com/5y377j3.jpg"""
"246,246,""Puzzle Game Storyteller"",""Merangkai cerita menarik di sekitar teka-teki dan puzzle dalam game"",22,""2023-01-05T00:00:00Z"",""Puzzle"",""https://i.imgur.com/1815742.jpg"""
"247,247,""FPS Weapon Skin Designer"",""Merancang desain skin senjata khusus untuk game FPS"",18,""2023-12-25T00:00:00Z"",""FPS"",""https://i.imgur.com/5y377j3.jpg"""
"248,248,""Battle Royale Event Photographer"",""Menangkap momen epik dalam acara khusus game Battle Royale"",24,""2023-12-30T00:00:00Z"",""BattleRoyal"",""https://i.imgur.com/1815742.jpg"""
"249,249,""Adventure Game Scriptwriter"",""Menulis naskah dan dialog untuk game petualangan"",11,""2023-01-05T00:00:00Z"",""Adventure"",""https://i.imgur.com/5y377j3.jpg"""
"250,250,""Chess Endgame Strategist"",""Memberikan strategi akhir permainan untuk pemain catur"",9,""2023-12-25T00:00:00Z"",""Puzzle"",""https://i.imgur.com/1815742.jpg"""
"251,251,""Moba Esports Analyst"",""Menganalisis pertandingan esports Moba untuk memberikan wawasan taktis"",1,""2023-12-30T00:00:00Z"",""Moba"",""https://i.imgur.com/5y377j3.jpg"""
"252,252,""Open World Tourist Guide"",""Menyediakan tur wisata virtual dalam dunia terbuka game"",8,""2023-01-05T00:00:00Z"",""OpenWorld"",""https://i.imgur.com/1815742.jpg"""
"253,253,""Sports Game Physiotherapist"",""Memberikan perawatan fisioterapi virtual untuk pemain game olahraga"",21,""2023-12-25T00:00:00Z"",""Sports"",""https://i.imgur.com/5y377j3.jpg"""
"254,254,""Horror Game Soundtrack Composer"",""Menciptakan musik dan soundtrack atmosferis untuk game horor"",7,""2023-12-30T00:00:00Z"",""Horor"",""https://i.imgur.com/1815742.jpg"""
"255,255,""FPS Map Tester"",""Menguji peta dan desain lingkungan untuk game FPS"",18,""2023-01-05T00:00:00Z"",""FPS"",""https://i.imgur.com/5y377j3.jpg"""
"256,256,""Battle Royale Fashion Stylist"",""Memberikan saran gaya dan penampilan untuk karakter dalam game Battle Royale"",24,""2023-12-25T00:00:00Z"",""BattleRoyal"",""https://i.imgur.com/1815742.jpg"""
"257,257,""Adventure Game Concept Artist"",""Merancang seni konsep dan desain untuk game petualangan"",11,""2023-12-30T00:00:00Z"",""Adventure"",""https://i.imgur.com/5y377j3.jpg"""
"258,258,""Puzzle Game Playtester"",""Menguji keberlanjutan dan kesenangan pemain dalam game teka-teki"",22,""2023-01-05T00:00:00Z"",""Puzzle"",""https://i.imgur.com/1815742.jpg"""
"259,259,""Open World Wildlife Biologist"",""Mempelajari dan memantau kehidupan liar virtual dalam dunia terbuka game"",8,""2023-12-25T00:00:00Z"",""OpenWorld"",""https://i.imgur.com/5y377j3.jpg"""
"260,260,""Sports Game Commentator"",""Menjadi komentator dalam pertandingan game olahraga virtual"",21,""2023-01-05T00:00:00Z"",""Sports"",""https://i.imgur.com/1815742.jpg"""
"261,261,""RPG Party Leader Strategy Guide Final Fantasy XIV"",""Memberikan panduan strategi kepada pemimpin kelompok dalam menjalani petualangan di Final Fantasy XIV"",3,""2023-12-25T00:00:00Z"",""RPG"",""https://i.imgur.com/5y377j3.jpg"""
"262,262,""Moba Drafting Coach League of Legends"",""Melatih pemain Moba dalam proses pemilihan karakter (draft) di League of Legends"",1,""2023-12-30T00:00:00Z"",""Moba"",""https://i.imgur.com/1815742.jpg"""
"263,263,""Horror Game Explorer Resident Evil Village"",""Menjelajahi dan memberikan panduan dalam menghadapi horor di Resident Evil Village"",7,""2023-01-05T00:00:00Z"",""Horor"",""https://i.imgur.com/5y377j3.jpg"""
"264,264,""Open World Archaeologist The Legend of Zelda Breath of the Wild"",""Menggali rahasia dunia terbuka dalam The Legend of Zelda Breath of the Wild"",8,""2023-12-25T00:00:00Z"",""OpenWorld"",""https://i.imgur.com/1815742.jpg"""
"265,265,""Sports Game Tactics Advisor FIFA 23"",""Memberikan saran taktis dan strategi dalam permainan sepak bola virtual di FIFA 23"",21,""2023-12-30T00:00:00Z"",""Sports"",""https://i.imgur.com/5y377j3.jpg"""
"266,266,""Puzzle Game Architect The Witness"",""Merancang dan membangun teka-teki kompleks di The Witness"",22,""2023-01-05T00:00:00Z"",""Puzzle"",""https://i.imgur.com/1815742.jpg"""
"267,267,""FPS Weapon Expert Counter-Strike Global Offensive"",""Memberikan pengetahuan mendalam tentang senjata dalam Counter-Strike Global Offensive"",18,""2023-12-25T00:00:00Z"",""FPS"",""https://i.imgur.com/5y377j3.jpg"""
"268,268,""Battle Royale Event Coordinator Apex Legends"",""Mengatur dan mengelola acara khusus di Apex Legends Battle Royale"",24,""2023-12-30T00:00:00Z"",""BattleRoyal"",""https://i.imgur.com/1815742.jpg"""
"269,269,""Adventure Game Historian The Elder Scrolls V Skyrim"",""Menyusun sejarah dan cerita dalam The Elder Scrolls V Skyrim"",11,""2023-01-05T00:00:00Z"",""Adventure"",""https://i.imgur.com/5y377j3.jpg"""
"270,270,""Chess Opening Specialist Grandmaster Chess"",""Menguasai strategi pembukaan catur untuk pemain Grandmaster Chess"",9,""2023-12-25T00:00:00Z"",""Puzzle"",""https://i.imgur.com/1815742.jpg"""
"271,271,""Moba Esports Interviewer Dota 2"",""Melakukan wawancara dengan pemain dan pelatih dalam dunia esports Moba, khususnya Dota 2"",1,""2023-12-30T00:00:00Z"",""Moba"",""https://i.imgur.com/5y377j3.jpg"""
"272,272,""Open World Chef Stardew Valley"",""Mengelola restoran virtual dan menyajikan hidangan lezat di Stardew Valley"",8,""2023-01-05T00:00:00Z"",""OpenWorld"",""https://i.imgur.com/1815742.jpg"""
"273,273,""Sports Game Psychologist NBA 2K23"",""Memberikan dukungan psikologis untuk pemain dan tim dalam NBA 2K23"",21,""2023-12-25T00:00:00Z"",""Sports"",""https://i.imgur.com/5y377j3.jpg"""
"274,274,""Horror Game Voice Actor Silent Hill 2"",""Menyuarakan karakter dalam permainan horor klasik Silent Hill 2"",7,""2023-12-30T00:00:00Z"",""Horor"",""https://i.imgur.com/1815742.jpg"""
"275,275,""FPS Map Designer Call of Duty Warzone"",""Merancang peta dan lingkungan dalam game FPS, khususnya Call of Duty Warzone"",18,""2023-01-05T00:00:00Z"",""FPS"",""https://i.imgur.com/5y377j3.jpg"""
"276,276,""Battle Royale Makeup Artist Fortnite"",""Memberikan tata rias khusus untuk karakter dalam game Battle Royale, terutama Fortnite"",24,""2023-12-25T00:00:00Z"",""BattleRoyal"",""https://i.imgur.com/1815742.jpg"""
"277,277,""Adventure Game Sound Designer The Legend of Zelda Ocarina of Time"",""Menciptakan efek suara dan musik atmosferis dalam petualangan The Legend of Zelda Ocarina of Time"",11,""2023-12-30T00:00:00Z"",""Adventure"",""https://i.imgur.com/5y377j3.jpg"""
"278,278,""Puzzle Game Narrative Designer Portal 2"",""Merancang cerita yang terintegrasi dengan teka-teki dalam Portal 2"",22,""2023-01-05T00:00:00Z"",""Puzzle"",""https://i.imgur.com/1815742.jpg"""
"279,279,""Open World Cartographer Assassin's Creed Valhalla"",""Menciptakan peta rinci dan mengeksplorasi dunia terbuka dalam Assassin's Creed Valhalla"",8,""2023-12-25T00:00:00Z"",""OpenWorld"",""https://i.imgur.com/5y377j3.jpg"""
"280,280,""Sports Game Commentator Madden NFL 24"",""Menjadi komentator dalam pertandingan game olahraga virtual, khususnya Madden NFL 24"",21,""2023-01-05T00:00:00Z"",""Sports"",""https://i.imgur.com/1815742.jpg"""
"281,281,""RPG Dungeon Master Dungeons & Dragons Online"",""Memandu dan menciptakan pengalaman permainan bagi pemain Dungeons & Dragons Online"",25,""2023-12-25T00:00:00Z"",""Adventure"",""https://i.imgur.com/5y377j3.jpg"""
"282,282,""Moba Team Analyst Mobile Legends"",""Menganalisis performa tim dan memberikan saran strategis untuk pemain Mobile Legends"",1,""2023-12-30T00:00:00Z"",""Moba"",""https://i.imgur.com/1815742.jpg"""
"283,283,""Horror Game Beta Tester Dead Space 4"",""Menguji versi beta dan memberikan umpan balik untuk permainan horor mendatang, Dead Space 4"",7,""2023-01-05T00:00:00Z"",""Horor"",""https://i.imgur.com/5y377j3.jpg"""
"284,284,""Open World Nature Photographer Red Dead Redemption 3"",""Menyajikan fotografi alam yang memukau dalam dunia terbuka Red Dead Redemption 3"",8,""2023-12-25T00:00:00Z"",""OpenWorld"",""https://i.imgur.com/1815742.jpg"""
"285,285,""Sports Game Physical Therapist FIFA 24"",""Menyediakan terapi fisik dan pemulihan cedera untuk pemain sepak bola virtual di FIFA 24"",21,""2023-12-30T00:00:00Z"",""Sports"",""https://i.imgur.com/5y377j3.jpg"""
"286,286,""Puzzle Game Playtester Monument Valley 3"",""Menguji dan mengevaluasi tingkat dalam permainan teka-teki Monument Valley 3"",22,""2023-01-05T00:00:00Z"",""Puzzle"",""https://i.imgur.com/1815742.jpg"""
"287,287,""FPS Game Lore Writer Overwatch 2"",""Menulis latar belakang cerita dan lore untuk karakter dalam Overwatch 2"",18,""2023-12-25T00:00:00Z"",""FPS"",""https://i.imgur.com/5y377j3.jpg"""
"288,288,""Battle Royale Fashion Stylist PUBG: New State"",""Menyusun gaya dan penampilan khusus untuk karakter dalam PUBG: New State"",24,""2023-12-30T00:00:00Z"",""BattleRoyal"",""https://i.imgur.com/1815742.jpg"""
"289,289,""Adventure Game Scriptwriter Uncharted 5"",""Menulis naskah cerita dan dialog untuk petualangan epik dalam Uncharted 5"",11,""2023-01-05T00:00:00Z"",""Adventure"",""https://i.imgur.com/5y377j3.jpg"""
"290,290,""Chess Tournament Organizer Online"",""Mengorganisir dan mengelola turnamen catur online untuk pemain berbagai tingkatan"",9,""2023-12-25T00:00:00Z"",""Puzzle"",""https://i.imgur.com/1815742.jpg"""
"291,291,""Moba Shoutcaster League of Legends"",""Menjadi komentator dan narator acara dalam pertandingan esports Moba, terutama League of Legends"",1,""2023-12-30T00:00:00Z"",""Moba"",""https://i.imgur.com/5y377j3.jpg"""
"292,292,""Open World Wildlife Biologist Far Cry 7"",""Mengkaji perilaku dan interaksi satwa liar dalam dunia terbuka Far Cry 7"",8,""2023-01-05T00:00:00Z"",""OpenWorld"",""https://i.imgur.com/1815742.jpg"""
"293,293,""Sports Game Nutritionist NBA Live 25"",""Menyusun rencana nutrisi dan diet untuk meningkatkan performa pemain NBA Live 25"",21,""2023-12-25T00:00:00Z"",""Sports"",""https://i.imgur.com/5y377j3.jpg"""
"294,294,""Horror Game Concept Artist Amnesia: A Machine for Pigs"",""Menciptakan konsep seni untuk elemen-elemen horor dalam Amnesia: A Machine for Pigs"",7,""2023-12-30T00:00:00Z"",""Horor"",""https://i.imgur.com/1815742.jpg"""
"295,295,""FPS Game Level Designer Battlefield 6"",""Merancang dan mengembangkan tingkat atau peta dalam permainan FPS Battlefield 6"",18,""2023-01-05T00:00:00Z"",""FPS"",""https://i.imgur.com/5y377j3.jpg"""
"296,296,""Battle Royale Social Media Manager Fortnite"",""Mengelola dan mempromosikan kehadiran media sosial untuk komunitas pemain Fortnite"",24,""2023-12-25T00:00:00Z"",""BattleRoyal"",""https://i.imgur.com/1815742.jpg"""
"297,297,""Adventure Game World Builder The Witcher 4"",""Membangun dan merancang dunia terbuka untuk sekuel The Witcher 4"",11,""2023-12-30T00:00:00Z"",""Adventure"",""https://i.imgur.com/5y377j3.jpg"""
"298,298,""Puzzle Game Composer Braid 2"",""Menciptakan komposisi musik yang memikat untuk Braid 2"",22,""2023-01-05T00:00:00Z"",""Puzzle"",""https://i.imgur.com/1815742.jpg"""
"299,299,""Open World Architect Cyberpunk 2078"",""Merancang dan membangun struktur dan lingkungan dalam Cyberpunk 2078"",8,""2023-12-25T00:00:00Z"",""OpenWorld"",""https://i.imgur.com/5y377j3.jpg"""
"300,300,""Sports Game Physics Engineer Pro Evolution Soccer 2024"",""Mengembangkan model fisika untuk meningkatkan realisme dalam Pro Evolution Soccer 2024"",21,""2023-01-05T00:00:00Z"",""Sports"",""https://i.imgur.com/1815742.jpg"""
"301,301,""Account Leveling in League of Legends"",""Menyelesaikan tugas leveling akun League of Legends untuk mencapai tingkat tertentu"",1,""2023-12-25T00:00:00Z"",""Moba"",""https://i.imgur.com/5y377j3.jpg"""
"302,302,""CS:GO Weapon Skins Grinder"",""Menggiling item dan senjata CS:GO untuk mendapatkan koleksi skin yang diinginkan"",18,""2023-12-30T00:00:00Z"",""FPS"",""https://i.imgur.com/1815742.jpg"""
"303,303,""Horror Game Survival Coach"",""Memberikan panduan dan bimbingan kepada pemain untuk bertahan hidup dalam game horor"",7,""2023-01-05T00:00:00Z"",""Horor"",""https://i.imgur.com/5y377j3.jpg"""
"304,304,""Open World Resource Farmer in Skyrim"",""Mengumpulkan sumber daya dan bahan penting dalam permainan open-world Skyrim"",8,""2023-12-25T00:00:00Z"",""OpenWorld"",""https://i.imgur.com/1815742.jpg"""
"305,305,""Sports Game Career Booster in FIFA 2024"",""Membantu pemain meningkatkan karier mereka dalam mode kariernya di FIFA 2024"",21,""2023-12-30T00:00:00Z"",""Sports"",""https://i.imgur.com/5y377j3.jpg"""
"306,306,""Puzzle Game Walkthrough Specialist"",""Menyediakan panduan langkah demi langkah untuk menyelesaikan permainan puzzle"",22,""2023-01-05T00:00:00Z"",""Puzzle"",""https://i.imgur.com/1815742.jpg"""
"307,307,""Battle Royale Rank Pusher in Apex Legends"",""Membantu pemain meningkatkan peringkat mereka dalam permainan Battle Royale Apex Legends"",24,""2023-12-25T00:00:00Z"",""BattleRoyal"",""https://i.imgur.com/5y377j3.jpg"""
"308,308,""Character Leveling in The Witcher 3"",""Menyelesaikan quest dan aktivitas untuk meningkatkan level karakter dalam The Witcher 3"",19,""2023-12-30T00:00:00Z"",""RPG"",""https://i.imgur.com/1815742.jpg"""
"309,309,""Chess Elo Rating Tutor"",""Memberikan pelatihan dan saran untuk meningkatkan peringkat Elo dalam permainan catur online"",9,""2023-01-05T00:00:00Z"",""Puzzle"",""https://i.imgur.com/5y377j3.jpg"""
"310,310,""Moba Account Booster in Dota 3"",""Membantu pemain meningkatkan tingkat akun dan statistik mereka dalam Dota 3"",2,""2023-12-25T00:00:00Z"",""Moba"",""https://i.imgur.com/1815742.jpg"""
"311,311,""Horror Game Fear-Inducer in Dead Space 4"",""Memberikan pengalaman bermain yang intens dan menakutkan dalam Dead Space 4"",7,""2023-12-30T00:00:00Z"",""Horor"",""https://i.imgur.com/5y377j3.jpg"""
"312,312,""Open World Explorer in Cyberpunk 2078"",""Menyediakan panduan eksplorasi untuk menjelajahi dunia terbuka Cyberpunk 2078"",8,""2023-01-05T00:00:00Z"",""OpenWorld"",""https://i.imgur.com/1815742.jpg"""
"313,313,""Sports Game Stat Analyst NBA 2K25"",""Menganalisis statistik permainan untuk membantu pemain meningkatkan keterampilan mereka di NBA 2K25"",21,""2023-12-25T00:00:00Z"",""Sports"",""https://i.imgur.com/5y377j3.jpg"""
"314,314,""Puzzle Game Speedrun Coach in Portal 3"",""Memberikan pelatihan untuk menyelesaikan permainan puzzle Portal 3 secepat mungkin"",22,""2023-12-30T00:00:00Z"",""Puzzle"",""https://i.imgur.com/1815742.jpg"""
"315,315,""FPS Map Strategist in Call of Duty: Black Ops 5"",""Merancang strategi dan taktik untuk peta dalam permainan Call of Duty: Black Ops 5"",18,""2023-01-05T00:00:00Z"",""FPS"",""https://i.imgur.com/5y377j3.jpg"""
"316,316,""Battle Royale Squad Trainer in PUBG: Battlegrounds"",""Memberikan pelatihan intensif untuk meningkatkan kerjasama tim dalam PUBG: Battlegrounds"",24,""2023-12-25T00:00:00Z"",""BattleRoyal"",""https://i.imgur.com/1815742.jpg"""
"317,317,""Adventure Game Quest Writer in The Elder Scrolls VI"",""Menulis skenario dan quest menarik untuk petualangan epik dalam The Elder Scrolls VI"",11,""2023-12-30T00:00:00Z"",""Adventure"",""https://i.imgur.com/5y377j3.jpg"""
"318,318,""Mystery Puzzle Game Tester in L.A. Noire: Remastered"",""Menguji elemen teka-teki dan misteri dalam versi remastered dari L.A. Noire"",13,""2023-01-05T00:00:00Z"",""Horor"",""https://i.imgur.com/1815742.jpg"""
"319,319,""Virtual Reality Tour Guide in VRChat"",""Menyediakan pemandu untuk menjelajahi dunia terbuka virtual reality dalam VRChat"",8,""2023-12-25T00:00:00Z"",""OpenWorld"",""https://i.imgur.com/5y377j3.jpg"""
"320,320,""Sports Game Physiotherapist in Pro Skateboarding 2024"",""Memberikan perawatan fisioterapi untuk pemain papan seluncur virtual di Pro Skateboarding 2024"",21,""2023-01-05T00:00:00Z"",""Sports"",""https://i.imgur.com/1815742.jpg"""
"321,321,""RPG Quest Guide in Final Fantasy XV"",""Memberikan panduan lengkap untuk menyelesaikan quest dalam Final Fantasy XV"",3,""2023-12-25T00:00:00Z"",""RPG"",""https://i.imgur.com/5y377j3.jpg"""
"322,322,""Mobile Sports Training Partner in Real Cricket 2024"",""Menjadi mitra latihan olahraga mobile untuk mencapai keterampilan terbaik di Real Cricket 2024"",21,""2023-12-30T00:00:00Z"",""Sports"",""https://i.imgur.com/1815742.jpg"""
"323,323,""Psychological Horror Game Analyst in Amnesia: Rebirth"",""Menganalisis elemen psikologis dalam permainan horor Amnesia: Rebirth"",7,""2023-01-05T00:00:00Z"",""Horor"",""https://i.imgur.com/5y377j3.jpg"""
"324,324,""Open World Photojournalist in Red Dead Redemption 3"",""Menyediakan layanan jurnalistik foto untuk mengabadikan momen dalam Red Dead Redemption 3"",8,""2023-12-25T00:00:00Z"",""OpenWorld"",""https://i.imgur.com/1815742.jpg"""
"325,325,""Sports Game Nutritionist in FIFA Manager 2025"",""Memberikan saran nutrisi untuk meningkatkan performa pemain dalam FIFA Manager 2025"",21,""2023-12-30T00:00:00Z"",""Sports"",""https://i.imgur.com/5y377j3.jpg"""
"326,326,""Puzzle Game Architect in The Witness 2"",""Merancang dan membangun teka-teki dalam game The Witness 2"",22,""2023-01-05T00:00:00Z"",""Puzzle"",""https://i.imgur.com/1815742.jpg"""
"327,327,""FPS Loadout Strategist in Rainbow Six Siege"",""Merancang strategi loadout dan taktik untuk pemain Rainbow Six Siege"",18,""2023-12-25T00:00:00Z"",""FPS"",""https://i.imgur.com/5y377j3.jpg"""
"328,328,""RPG Lore Consultant for Skyrim 2"",""Memberikan konsultasi mengenai lore dan cerita untuk game open-world Skyrim 2"",3,""2023-12-30T00:00:00Z"",""RPG"",""https://i.imgur.com/1815742.jpg"""
"329,329,""Chess Opening Theory Specialist"",""Mengkaji dan memberikan panduan mengenai teori pembukaan catur"",9,""2023-01-05T00:00:00Z"",""Puzzle"",""https://i.imgur.com/5y377j3.jpg"""
"330,330,""Moba Tournament Coach in League of Legends 2"",""Memberikan pelatihan intensif untuk turnamen Moba League of Legends 2"",1,""2023-12-25T00:00:00Z"",""Moba"",""https://i.imgur.com/1815742.jpg"""
"331,331,""Horror Game Storyteller in Silent Hill: Reawakening"",""Menyajikan kisah horor yang menarik untuk permainan Silent Hill: Reawakening"",7,""2023-12-30T00:00:00Z"",""Horor"",""https://i.imgur.com/5y377j3.jpg"""
"332,332,""Open World Tourism Planner in The Legend of Zelda: Odyssey"",""Merencanakan perjalanan wisata virtual dalam dunia terbuka The Legend of Zelda: Odyssey"",8,""2023-01-05T00:00:00Z"",""OpenWorld"",""https://i.imgur.com/1815742.jpg"""
"333,333,""Sports Game Stat Analyst in NBA Live 2025"",""Menganalisis statistik permainan untuk membantu pemain meningkatkan keterampilan mereka di NBA Live 2025"",21,""2023-12-25T00:00:00Z"",""Sports"",""https://i.imgur.com/5y377j3.jpg"""
"334,334,""Puzzle Game Algorithm Expert in Portal 4"",""Mengembangkan algoritma dan strategi untuk menyelesaikan permainan puzzle Portal 4"",22,""2023-12-30T00:00:00Z"",""Puzzle"",""https://i.imgur.com/1815742.jpg"""
"335,335,""FPS Sniper Specialist in Call of Duty: Sniper Ops"",""Menyediakan bimbingan dan latihan khusus untuk meningkatkan keahlian sniping"",18,""2023-01-05T00:00:00Z"",""FPS"",""https://i.imgur.com/5y377j3.jpg"""
"336,336,""Battle Royale Strategy Advisor in Fortnite: Battle Royale 2"",""Memberikan saran strategi untuk pemain dalam Fortnite: Battle Royale 2"",15,""2023-12-25T00:00:00Z"",""BattleRoyal"",""https://i.imgur.com/1815742.jpg"""
"337,337,""Adventure Game Scriptwriter in Uncharted: Beyond the Horizon"",""Menulis skenario dan dialog untuk permainan petualangan Uncharted: Beyond the Horizon"",11,""2023-12-30T00:00:00Z"",""Adventure"",""https://i.imgur.com/5y377j3.jpg"""
"338,338,""Mystery Puzzle Game Designer in Detective Chronicles"",""Merancang elemen teka-teki dan misteri untuk permainan Detective Chronicles"",13,""2023-01-05T00:00:00Z"",""Horor"",""https://i.imgur.com/1815742.jpg"""
"339,339,""Virtual Reality World Builder in Altered Realms VR"",""Membangun dunia virtual reality untuk pengalaman interaktif di Altered Realms VR"",8,""2023-12-25T00:00:00Z"",""OpenWorld"",""https://i.imgur.com/5y377j3.jpg"""
"340,340,""Sports Game Psychologist in UFC 2025"",""Memberikan dukungan psikologis untuk atlet dalam UFC 2025"",21,""2023-01-05T00:00:00Z"",""Sports"",""https://i.imgur.com/1815742.jpg"""
"341,341,""RPG Dungeon Master in Dungeons & Dragons Online"",""Memandu pemain melalui petualangan epik sebagai Dungeon Master"",25,""2023-12-25T00:00:00Z"",""Adventure"",""https://i.imgur.com/5y377j3.jpg"""
"342,342,""Mobile Esports Analyst in Free Fire Championship 2024"",""Menganalisis pertandingan esports di Free Fire Championship 2024"",30,""2023-12-30T00:00:00Z"",""Sports"",""https://i.imgur.com/1815742.jpg"""
"343,343,""Survival Horror Game Advisor in Resident Evil 9"",""Memberikan saran dan strategi untuk bertahan hidup dalam permainan horor Resident Evil 9"",7,""2023-01-05T00:00:00Z"",""Horor"",""https://i.imgur.com/5y377j3.jpg"""
"344,344,""Open World Wildlife Photographer in Far Cry 7"",""Menyajikan keindahan alam dan kehidupan liar dalam game open-world Far Cry 7"",8,""2023-12-25T00:00:00Z"",""OpenWorld"",""https://i.imgur.com/1815742.jpg"""
"345,345,""Chess Endgame Specialist"",""Memberikan panduan khusus untuk situasi akhir permainan catur"",9,""2023-12-30T00:00:00Z"",""Puzzle"",""https://i.imgur.com/5y377j3.jpg"""
"346,346,""Mystery Game Sleuth in Detective Noir"",""Menyediakan layanan penyelidikan dan solusi untuk game misteri Detective Noir"",13,""2023-01-05T00:00:00Z"",""Horor"",""https://i.imgur.com/1815742.jpg"""
"347,347,""Speedrun Marathon Host in Games Done Quick 2025"",""Menjadi tuan rumah untuk acara speedrun marathon di Games Done Quick 2025"",10,""2023-12-25T00:00:00Z"",""Moba"",""https://i.imgur.com/5y377j3.jpg"""
"348,348,""Virtual Nature Explorer in No Man's Sky 2"",""Menyediakan tur virtual untuk menjelajahi keindahan alam semesta dalam No Man's Sky 2"",26,""2023-12-30T00:00:00Z"",""OpenWorld"",""https://i.imgur.com/1815742.jpg"""
"349,349,""Racing Game Track Designer in Gran Turismo 8"",""Merancang lintasan balap yang menarik untuk Gran Turismo 8"",12,""2023-01-05T00:00:00Z"",""Sports"",""https://i.imgur.com/5y377j3.jpg"""
"350,350,""Puzzle Game Riddle Master in Mystical Enigma"",""Menyediakan teka-teki yang menantang untuk pemain dalam Mystical Enigma"",22,""2023-12-25T00:00:00Z"",""Puzzle"",""https://i.imgur.com/1815742.jpg"""
"351,351,""Moba Team Captain for Dota 3 Championship"",""Menjadi kapten tim dan memberikan arahan strategis dalam Dota 3 Championship"",2,""2023-12-30T00:00:00Z"",""Moba"",""https://i.imgur.com/5y377j3.jpg"""
"352,352,""Horror Game Immersion Specialist in Phobia VR"",""Menciptakan pengalaman bermain yang mendalam dalam game horor Phobia VR"",7,""2023-01-05T00:00:00Z"",""Horor"",""https://i.imgur.com/1815742.jpg"""
"353,353,""Open World Archaeologist in Assassin's Creed: Chronicles"",""Menemukan rahasia dan artefak tersembunyi dalam Assassin's Creed: Chronicles"",8,""2023-12-25T00:00:00Z"",""OpenWorld"",""https://i.imgur.com/5y377j3.jpg"""
"354,354,""Sports Game Injury Prevention Coach in Madden NFL 2025"",""Memberikan pelatihan dan saran untuk mencegah cedera dalam Madden NFL 2025"",21,""2023-12-30T00:00:00Z"",""Sports"",""https://i.imgur.com/1815742.jpg"""
"355,355,""Puzzle Game Pattern Analyst in Mind Bender"",""Menganalisis dan memberikan solusi untuk pola dan teka-teki dalam Mind Bender"",22,""2023-01-05T00:00:00Z"",""Puzzle"",""https://i.imgur.com/5y377j3.jpg"""
"356,356,""FPS Sniper Duel Specialist in Counter-Strike: Duel Arena"",""Menyediakan latihan khusus untuk sniper duels dalam Counter-Strike: Duel Arena"",18,""2023-12-25T00:00:00Z"",""FPS"",""https://i.imgur.com/1815742.jpg"""
"357,357,""Battle Royale Loot Strategist in Apex Legends 2"",""Merancang strategi pengambilan loot untuk mendominasi di Apex Legends 2"",14,""2023-12-30T00:00:00Z"",""BattleRoyal"",""https://i.imgur.com/5y377j3.jpg"""
"358,358,""Adventure Game Quest Designer in The Elder Scrolls VI"",""Merancang quest dan petualangan menarik dalam The Elder Scrolls VI"",11,""2023-01-05T00:00:00Z"",""Adventure"",""https://i.imgur.com/1815742.jpg"""
"359,359,""Mystery Puzzle Game Storyteller in Enigmatic Whispers"",""Menyajikan kisah penuh misteri dan teka-teki dalam Enigmatic Whispers"",13,""2023-12-25T00:00:00Z"",""Horor"",""https://i.imgur.com/5y377j3.jpg"""
"360,360,""Virtual Reality Extreme Sports Instructor"",""Memberikan pelatihan ekstrim melalui pengalaman virtual reality"",27,""2023-01-05T00:00:00Z"",""Sports"",""https://i.imgur.com/1815742.jpg"""
"361,361,""RPG Quest Consultant in Final Fantasy XVII"",""Memberikan saran dan panduan untuk menyelesaikan quest dalam Final Fantasy XVII"",3,""2023-12-25T00:00:00Z"",""RPG"",""https://i.imgur.com/5y377j3.jpg"""
"362,362,""Mobile Sports Nutritionist in FIFA Mobile 2025"",""Memberikan saran nutrisi dan kebugaran untuk meningkatkan performa pemain di FIFA Mobile 2025"",21,""2023-12-30T00:00:00Z"",""Sports"",""https://i.imgur.com/1815742.jpg"""
"363,363,""Survival Horror Game Roleplay Partner in Silent Hills VR"",""Menjadi mitra peran dalam eksplorasi horor virtual reality di Silent Hills VR"",7,""2023-01-05T00:00:00Z"",""Horor"",""https://i.imgur.com/5y377j3.jpg"""
"364,364,""Open World Wildlife Conservationist in Red Dead Redemption 3"",""Melibatkan pemain dalam upaya konservasi alam dan kehidupan liar di Red Dead Redemption 3"",8,""2023-12-25T00:00:00Z"",""OpenWorld"",""https://i.imgur.com/1815742.jpg"""
"365,365,""Chess Opening Theory Analyst"",""Menganalisis dan memberikan panduan strategis untuk teori pembukaan catur"",9,""2023-12-30T00:00:00Z"",""Puzzle"",""https://i.imgur.com/5y377j3.jpg"""
"366,366,""Mystery Game Plot Writer for Detective Chronicles"",""Menulis alur cerita misteri yang menarik untuk Detective Chronicles"",13,""2023-01-05T00:00:00Z"",""Horor"",""https://i.imgur.com/1815742.jpg"""
"367,367,""Speedrun World Record Attempt Coach"",""Memberikan pelatihan khusus untuk mencapai rekor dunia dalam speedrun"",10,""2023-12-25T00:00:00Z"",""Moba"",""https://i.imgur.com/5y377j3.jpg"""
"368,368,""Virtual Cosmic Explorer in No Man's Sky Galaxy"",""Menyediakan tur virtual melintasi galaksi dan bintang dalam No Man's Sky Galaxy"",26,""2023-12-30T00:00:00Z"",""OpenWorld"",""https://i.imgur.com/1815742.jpg"""
"369,369,""Racing Game Vehicle Designer in Forza Motorsport 8"",""Merancang kendaraan yang unik dan efisien untuk Forza Motorsport 8"",12,""2023-01-05T00:00:00Z"",""Sports"",""https://i.imgur.com/5y377j3.jpg"""
"370,370,""Puzzle Game Maze Creator in Mind Maze"",""Membuat labirin dan teka-teki yang menantang untuk pemain dalam Mind Maze"",22,""2023-12-25T00:00:00Z"",""Puzzle"",""https://i.imgur.com/1815742.jpg"""
"371,371,""Moba Team Coach for League of Legends World Championship"",""Memberikan bimbingan dan strategi untuk tim Moba dalam League of Legends World Championship"",2,""2023-12-30T00:00:00Z"",""Moba"",""https://i.imgur.com/5y377j3.jpg"""
"372,372,""Horror Game Soundscapes Composer in Haunting Echoes"",""Menciptakan suasana menakutkan melalui komposisi musik dan suara di Haunting Echoes"",7,""2023-01-05T00:00:00Z"",""Horor"",""https://i.imgur.com/1815742.jpg"""
"373,373,""Open World Historian in Assassin's Creed: Chronicles 2"",""Meneliti dan menyajikan sejarah dunia terbuka dalam Assassin's Creed: Chronicles 2"",8,""2023-12-25T00:00:00Z"",""OpenWorld"",""https://i.imgur.com/5y377j3.jpg"""
"374,374,""Sports Game Physiotherapist in NBA 2K26"",""Memberikan layanan fisioterapi virtual untuk pemain di NBA 2K26"",21,""2023-12-30T00:00:00Z"",""Sports"",""https://i.imgur.com/1815742.jpg"""
"375,375,""Puzzle Game Algorithm Specialist in Enigma Codebreaker"",""Mengembangkan algoritma dan kode untuk memecahkan teka-teki dalam Enigma Codebreaker"",22,""2023-01-05T00:00:00Z"",""Puzzle"",""https://i.imgur.com/5y377j3.jpg"""
"376,376,""FPS Tactical Instructor in Rainbow Six Siege Tactics"",""Memberikan pelatihan taktis untuk pemain yang ingin meningkatkan keterampilan dalam Rainbow Six Siege Tactics"",18,""2023-12-25T00:00:00Z"",""FPS"",""https://i.imgur.com/1815742.jpg"""
"377,377,""Battle Royale Squad Captain in Apex Legends Pro League"",""Menjadi kapten tim dan memberikan arahan taktis dalam Apex Legends Pro League"",14,""2023-12-30T00:00:00Z"",""BattleRoyal"",""https://i.imgur.com/5y377j3.jpg"""
"378,378,""Adventure Game Dialogue Writer in Uncharted Worlds"",""Menulis dialog yang mendalam dan menarik untuk Uncharted Worlds"",11,""2023-01-05T00:00:00Z"",""Adventure"",""https://i.imgur.com/1815742.jpg"""
"379,379,""Mystery Puzzle Game Master in Cryptic Enigmas"",""Memandu pemain melalui permainan misteri dan memberikan petunjuk sebagai Game Master di Cryptic Enigmas"",13,""2023-12-25T00:00:00Z"",""Horor"",""https://i.imgur.com/5y377j3.jpg"""
"380,380,""Virtual Reality Parkour Trainer"",""Memberikan pelatihan parkour melalui pengalaman virtual reality"",27,""2023-01-05T00:00:00Z"",""Sports"",""https://i.imgur.com/1815742.jpg"""
"381,381,""RPG Storyline Advisor in Elder Scrolls VI"",""Memberikan saran untuk perkembangan cerita dan plot dalam Elder Scrolls VI"",3,""2023-12-25T00:00:00Z"",""RPG"",""https://i.imgur.com/5y377j3.jpg"""
"382,382,""Mobile Esports Analyst in Clash Royale Championship"",""Menganalisis pertandingan esports Clash Royale dan memberikan wawasan strategis"",30,""2023-12-30T00:00:00Z"",""Moba"",""https://i.imgur.com/1815742.jpg"""
"383,383,""Survival Horror Game VR Tour Guide in Resident Evil VR"",""Menjadi pemandu virtual reality untuk tur horor dalam Resident Evil VR"",7,""2023-01-05T00:00:00Z"",""Horor"",""https://i.imgur.com/5y377j3.jpg"""
"384,384,""Open World Cuisine Critic in Breath of the Culinary Wild"",""Mengulas dan memberikan rekomendasi terhadap masakan dalam Breath of the Culinary Wild"",8,""2023-12-25T00:00:00Z"",""OpenWorld"",""https://i.imgur.com/1815742.jpg"""
"385,385,""Chess Endgame Specialist"",""Memberikan panduan khusus dalam tahap akhir permainan catur"",9,""2023-12-30T00:00:00Z"",""Puzzle"",""https://i.imgur.com/5y377j3.jpg"""
"386,386,""Mystery Game World Builder for Enigmatic Realms"",""Merancang dan membangun dunia misteri dalam Enigmatic Realms"",13,""2023-01-05T00:00:00Z"",""Horor"",""https://i.imgur.com/1815742.jpg"""
"387,387,""Speedrun Marathon Host for Charity Events"",""Menjadi tuan rumah acara speedrun marathon untuk penggalangan dana amal"",10,""2023-12-25T00:00:00Z"",""Moba"",""https://i.imgur.com/5y377j3.jpg"""
"388,388,""Virtual Stargazing Expedition in No Man's Sky Universe"",""Menyelenggarakan ekspedisi melihat bintang virtual dalam No Man's Sky Universe"",26,""2023-12-30T00:00:00Z"",""OpenWorld"",""https://i.imgur.com/1815742.jpg"""
"389,389,""Racing Game Track Designer in Gran Turismo 8"",""Merancang lintasan balap yang menantang untuk Gran Turismo 8"",12,""2023-01-05T00:00:00Z"",""Sports"",""https://i.imgur.com/5y377j3.jpg"""
"390,390,""Puzzle Game Level Creator in Mind Bender"",""Membuat level dan tantangan baru dalam Mind Bender"",22,""2023-12-25T00:00:00Z"",""Puzzle"",""https://i.imgur.com/1815742.jpg"""
"391,391,""Moba Team Manager for Dota 2 Pro League"",""Menjadi manajer tim Moba dan mengelola partisipasi dalam Dota 2 Pro League"",2,""2023-12-30T00:00:00Z"",""Moba"",""https://i.imgur.com/5y377j3.jpg"""
"392,392,""Horror Game Lighting Designer in Shadows of Despair"",""Merancang pencahayaan untuk menciptakan atmosfer mencekam dalam Shadows of Despair"",7,""2023-01-05T00:00:00Z"",""Horor"",""https://i.imgur.com/1815742.jpg"""
"393,393,""Open World Archeologist in Far Cry Archaeology"",""Melakukan ekskavasi dan penelitian arkeologi dalam Far Cry Archaeology"",8,""2023-12-25T00:00:00Z"",""OpenWorld"",""https://i.imgur.com/5y377j3.jpg"""
"394,394,""Sports Game Statistician in Madden NFL Analytics"",""Menganalisis dan menyajikan statistik pemain dalam Madden NFL Analytics"",21,""2023-12-30T00:00:00Z"",""Sports"",""https://i.imgur.com/1815742.jpg"""
"395,395,""Puzzle Game Algorithm Developer in Cipher Conundrum"",""Mengembangkan algoritma dan kode untuk teka-teki dalam Cipher Conundrum"",22,""2023-01-05T00:00:00Z"",""Puzzle"",""https://i.imgur.com/5y377j3.jpg"""
"396,396,""FPS Strategy Consultant in Counter-Strike: Global Tactics"",""Memberikan konsultasi strategi untuk pemain dan tim dalam Counter-Strike: Global Tactics"",18,""2023-12-25T00:00:00Z"",""FPS"",""https://i.imgur.com/1815742.jpg"""
"397,397,""Battle Royale Team Coach in Fortnite Champions League"",""Melatih dan membimbing tim dalam persaingan tingkat tinggi di Fortnite Champions League"",15,""2023-12-30T00:00:00Z"",""BattleRoyal"",""https://i.imgur.com/5y377j3.jpg"""
"398,398,""Adventure Game Scriptwriter in Legends of the Lost Chronicles"",""Menulis naskah dan dialog untuk memperkaya cerita dalam Legends of the Lost Chronicles"",11,""2023-01-05T00:00:00Z"",""Adventure"",""https://i.imgur.com/1815742.jpg"""
"399,399,""Mystery Puzzle Game Moderator in Cryptic Challenge Arena"",""Memandu dan mengelola turnamen teka-teki misteri dalam Cryptic Challenge Arena"",13,""2023-12-25T00:00:00Z"",""Horor"",""https://i.imgur.com/5y377j3.jpg"""
"400,400,""Virtual Reality Parkour Choreographer"",""Merancang gerakan parkour yang dinamis melalui pengalaman virtual reality"",27,""2023-01-05T00:00:00Z"",""Sports"",""https://i.imgur.com/1815742.jpg"""
"401,401,""RPG Lore Explorer in Dragon Age: Odyssey"",""Menjelajahi dan merangkum lore dalam Dragon Age: Odyssey"",3,""2023-12-25T00:00:00Z"",""RPG"",""https://i.imgur.com/5y377j3.jpg"""
"402,402,""Mobile Sports Photography Services"",""Menyediakan jasa fotografi olahraga dalam game mobile"",21,""2023-12-30T00:00:00Z"",""Sports"",""https://i.imgur.com/1815742.jpg"""
"403,403,""Psychological Horror Game Scriptwriter for Dark Whispers"",""Menulis skenario yang mencekam untuk Dark Whispers"",7,""2023-01-05T00:00:00Z"",""Horor"",""https://i.imgur.com/5y377j3.jpg"""
"404,404,""Open World Discovery Concierge in Cyber Explorers"",""Memberikan layanan concierge untuk menemukan lokasi menarik dalam Cyber Explorers"",8,""2023-12-25T00:00:00Z"",""OpenWorld"",""https://i.imgur.com/1815742.jpg"""
"405,405,""Chess Tournament Organizer"",""Mengatur dan menyelenggarakan turnamen catur secara online"",9,""2023-12-30T00:00:00Z"",""Puzzle"",""https://i.imgur.com/5y377j3.jpg"""
"406,406,""Mystery Game Puzzle Designer for Enigma Quest"",""Merancang teka-teki misteri untuk Enigma Quest"",13,""2023-01-05T00:00:00Z"",""Horor"",""https://i.imgur.com/1815742.jpg"""
"407,407,""Speedrun Event Commentator in Retro Speedfest"",""Memberikan komentar untuk acara speedrun dalam Retro Speedfest"",10,""2023-12-25T00:00:00Z"",""Moba"",""https://i.imgur.com/5y377j3.jpg"""
"408,408,""Virtual Space Tour Guide in No Man's Sky Odyssey"",""Memandu pemain dalam tur virtual ke luar angkasa dalam No Man's Sky Odyssey"",26,""2023-12-30T00:00:00Z"",""OpenWorld"",""https://i.imgur.com/1815742.jpg"""
"409,409,""Racing Game Vehicle Tuner in Fast Lane Tuning"",""Menyesuaikan kinerja dan tampilan kendaraan dalam Fast Lane Tuning"",12,""2023-01-05T00:00:00Z"",""Sports"",""https://i.imgur.com/5y377j3.jpg"""
"410,410,""Puzzle Game Mathematician in Quantum Enigma"",""Menerapkan konsep matematika dalam pembuatan teka-teki Quantum Enigma"",22,""2023-12-25T00:00:00Z"",""Puzzle"",""https://i.imgur.com/1815742.jpg"""
"411,411,""Moba Tournament Shoutcaster in League of Legends Pro Circuit"",""Menjadi penyiar turnamen Moba dalam League of Legends Pro Circuit"",2,""2023-12-30T00:00:00Z"",""Moba"",""https://i.imgur.com/5y377j3.jpg"""
"412,412,""Horror Game Sound Engineer for Silent Shadows"",""Merancang dan mengimplementasikan efek suara mencekam dalam Silent Shadows"",7,""2023-01-05T00:00:00Z"",""Horor"",""https://i.imgur.com/1815742.jpg"""
"413,413,""Open World Fashion Stylist in Fashion Quest Online"",""Memberikan saran mode dan mengatur tampilan karakter dalam Fashion Quest Online"",8,""2023-12-25T00:00:00Z"",""OpenWorld"",""https://i.imgur.com/5y377j3.jpg"""
"414,414,""Sports Game Physiotherapist in Virtual Athlete Simulator"",""Menyediakan layanan fisioterapi virtual untuk pemain dalam Virtual Athlete Simulator"",21,""2023-12-30T00:00:00Z"",""Sports"",""https://i.imgur.com/1815742.jpg"""
"415,415,""Puzzle Game Tester in Mind Boggler Labs"",""Menguji dan memberikan umpan balik untuk permainan teka-teki Mind Boggler Labs"",22,""2023-01-05T00:00:00Z"",""Puzzle"",""https://i.imgur.com/5y377j3.jpg"""
"416,416,""FPS Map Designer in Tactical Warfare Arena"",""Merancang peta yang strategis untuk Tactical Warfare Arena"",18,""2023-12-25T00:00:00Z"",""FPS"",""https://i.imgur.com/1815742.jpg"""
"417,417,""Battle Royale Analyst in Apex Legends Elite Series"",""Menganalisis dan memberikan wawasan taktis untuk turnamen Apex Legends Elite Series"",15,""2023-12-30T00:00:00Z"",""BattleRoyal"",""https://i.imgur.com/5y377j3.jpg"""
"418,418,""Adventure Game Storyteller in Quests of Eldoria"",""Menyusun dan menceritakan kisah epik dalam Quests of Eldoria"",11,""2023-01-05T00:00:00Z"",""Adventure"",""https://i.imgur.com/1815742.jpg"""
"419,419,""Mystery Puzzle Game Referee in Enigma Championship"",""Menjadi wasit dalam kompetisi teka-teki misteri Enigma Championship"",13,""2023-12-25T00:00:00Z"",""Horor"",""https://i.imgur.com/5y377j3.jpg"""
"420,420,""Virtual Reality Parkour Trainer"",""Melatih pemain untuk menguasai teknik parkour melalui pengalaman virtual reality"",27,""2023-01-05T00:00:00Z"",""Sports"",""https://i.imgur.com/1815742.jpg"""
"421,421,""Rank Boosting in Valorant"",""Membantu pemain meningkatkan rank mereka dalam Valorant"",18,""2023-12-25T00:00:00Z"",""FPS"",""https://i.imgur.com/5y377j3.jpg"""
"422,422,""Resource Grinding in World of Warcraft"",""Menggiling sumber daya dalam World of Warcraft untuk meningkatkan karakter"",16,""2023-12-30T00:00:00Z"",""OpenWorld"",""https://i.imgur.com/1815742.jpg"""
"423,423,""Battle Pass Completion in Fortnite"",""Menyelesaikan Battle Pass dan mendapatkan semua reward dalam Fortnite"",15,""2023-01-05T00:00:00Z"",""BattleRoyal"",""https://i.imgur.com/5y377j3.jpg"""
"424,424,""Achievement Hunting in Steam Games"",""Membantu pemain mencapai semua achievement dalam berbagai game Steam"",8,""2023-12-25T00:00:00Z"",""OpenWorld"",""https://i.imgur.com/1815742.jpg"""
"425,425,""ELO Boosting in League of Legends"",""Meningkatkan tingkat keterampilan pemain dalam League of Legends"",2,""2023-12-30T00:00:00Z"",""Moba"",""https://i.imgur.com/5y377j3.jpg"""
"426,426,""Resource Gathering in Minecraft"",""Mengumpulkan berbagai sumber daya dalam Minecraft untuk kebutuhan pemain"",16,""2023-01-05T00:00:00Z"",""OpenWorld"",""https://i.imgur.com/1815742.jpg"""
"427,427,""PvP Coaching in World of Tanks"",""Memberikan pelatihan dalam pertempuran PvP dalam World of Tanks"",12,""2023-12-25T00:00:00Z"",""Sports"",""https://i.imgur.com/5y377j3.jpg"""
"428,428,""Legendary Item Farming in Diablo III"",""Membantu pemain mendapatkan item-item legendaris dalam Diablo III"",20,""2023-12-30T00:00:00Z"",""RPG"",""https://i.imgur.com/1815742.jpg"""
"429,429,""Seasonal Event Grinding in Genshin Impact"",""Menggiling event musiman untuk mendapatkan hadiah eksklusif dalam Genshin Impact"",3,""2023-01-05T00:00:00Z"",""RPG"",""https://i.imgur.com/5y377j3.jpg"""
"430,430,""Weapon Mastery in Call of Duty: Warzone"",""Membantu pemain mencapai penguasaan tinggi terhadap senjata dalam Warzone"",4,""2023-12-25T00:00:00Z"",""FPS"",""https://i.imgur.com/1815742.jpg"""
"431,431,""Resource Gathering in No Man's Sky"",""Mengumpulkan sumber daya untuk pemain menjelajahi dunia terbuka No Man's Sky"",26,""2023-12-30T00:00:00Z"",""OpenWorld"",""https://i.imgur.com/5y377j3.jpg"""
"432,432,""ELO Boosting in Dota 2"",""Meningkatkan tingkat keterampilan pemain dalam Dota 2"",2,""2023-01-05T00:00:00Z"",""Moba"",""https://i.imgur.com/1815742.jpg"""
"433,433,""Seasonal Rank Climbing in Apex Legends"",""Membantu pemain mencapai rank tinggi selama musim tertentu dalam Apex Legends"",14,""2023-12-25T00:00:00Z"",""FPS"",""https://i.imgur.com/5y377j3.jpg"""
"434,434,""Legendary Armor Set Farming in Elder Scrolls Online"",""Membantu pemain mendapatkan set armor legendaris dalam Elder Scrolls Online"",3,""2023-12-30T00:00:00Z"",""RPG"",""https://i.imgur.com/1815742.jpg"""
"435,435,""Battle Pass Tier Up in Call of Duty: Mobile"",""Menjadi joki akun untuk meningkatkan tier dalam Battle Pass Call of Duty: Mobile"",4,""2023-01-05T00:00:00Z"",""FPS"",""https://i.imgur.com/5y377j3.jpg"""
"436,436,""Resource Gathering in Terraria"",""Mengumpulkan berbagai sumber daya dalam game sandbox, Terraria"",16,""2023-12-25T00:00:00Z"",""OpenWorld"",""https://i.imgur.com/1815742.jpg"""
"437,437,""Rank Climbing in Mobile Legends"",""Membantu pemain Mobile Legends mencapai rank tinggi"",1,""2023-12-30T00:00:00Z"",""Moba"",""https://i.imgur.com/5y377j3.jpg"""
"438,438,""Achievement Completion in Skyrim"",""Membantu pemain mencapai semua achievement dalam The Elder Scrolls V: Skyrim"",3,""2023-01-05T00:00:00Z"",""RPG"",""https://i.imgur.com/1815742.jpg"""
"439,439,""Battle Royale Victory Boosting in PUBG Mobile"",""Membantu pemain meraih kemenangan dalam pertandingan Battle Royale di PUBG Mobile"",15,""2023-12-25T00:00:00Z"",""BattleRoyal"",""https://i.imgur.com/5y377j3.jpg"""
"440,440,""Resource Gathering in Ark: Survival Evolved"",""Mengumpulkan sumber daya untuk bertahan hidup dalam Ark: Survival Evolved"",8,""2023-12-30T00:00:00Z"",""OpenWorld"",""https://i.imgur.com/1815742.jpg"""
"441,441,""Weapon Camo Unlocking in Call of Duty: Warzone"",""Membantu pemain membuka berbagai camo untuk senjata dalam Warzone"",4,""2023-01-05T00:00:00Z"",""FPS"",""https://i.imgur.com/5y377j3.jpg"""
"442,442,""Resource Gathering in Valheim"",""Mengumpulkan sumber daya untuk membangun dan bertahan hidup dalam Valheim"",8,""2023-12-25T00:00:00Z"",""OpenWorld"",""https://i.imgur.com/1815742.jpg"""
"443,443,""Epic Mount Acquisition in World of Warcraft"",""Membantu pemain mendapatkan mount epik dalam World of Warcraft"",16,""2023-12-30T00:00:00Z"",""RPG"",""https://i.imgur.com/5y377j3.jpg"""
"444,444,""Seasonal Event Grinding in Destiny 2"",""Menggiling event musiman untuk mendapatkan hadiah eksklusif dalam Destiny 2"",20,""2023-01-05T00:00:00Z"",""FPS"",""https://i.imgur.com/1815742.jpg"""
"445,445,""Rank Boosting in Rainbow Six Siege"",""Membantu pemain meningkatkan rank mereka dalam Rainbow Six Siege"",23,""2023-12-25T00:00:00Z"",""FPS"",""https://i.imgur.com/5y377j3.jpg"""
"446,446,""Legendary Weapon Farming in Borderlands 3"",""Membantu pemain mendapatkan senjata legendaris dalam Borderlands 3"",18,""2023-12-30T00:00:00Z"",""FPS"",""https://i.imgur.com/1815742.jpg"""
"447,447,""Circuit Racing Challenges in Forza Horizon 4"",""Menawarkan tantangan balap sirkuit di Forza Horizon 4"",27,""2023-01-05T00:00:00Z"",""Sports"",""https://i.imgur.com/5y377j3.jpg"""
"448,448,""Artifact Collection in Genshin Impact"",""Mengumpulkan berbagai artifact untuk meningkatkan kekuatan karakter dalam Genshin Impact"",3,""2023-12-25T00:00:00Z"",""RPG"",""https://i.imgur.com/1815742.jpg"""
"449,449,""High Elo Climbing in Mobile Legends"",""Membantu pemain Mobile Legends mencapai tingkat Elo tinggi"",1,""2023-12-30T00:00:00Z"",""Moba"",""https://i.imgur.com/5y377j3.jpg"""
"450,450,""Seasonal Rank Boosting in Apex Legends"",""Meningkatkan rank pemain selama musim tertentu dalam Apex Legends"",14,""2023-01-05T00:00:00Z"",""FPS"",""https://i.imgur.com/1815742.jpg"""
"451,451,""Resource Gathering in Fallout 76"",""Mengumpulkan sumber daya untuk bertahan hidup di dunia pasca-apokaliptik Fallout 76"",8,""2023-12-25T00:00:00Z"",""OpenWorld"",""https://i.imgur.com/5y377j3.jpg"""
"452,452,""PvP Coaching in Valorant"",""Memberikan pelatihan dalam pertempuran PvP dalam Valorant"",18,""2023-12-30T00:00:00Z"",""FPS"",""https://i.imgur.com/1815742.jpg"""
"453,453,""Legendary Pet Acquisition in Old School RuneScape"",""Membantu pemain mendapatkan hewan peliharaan legendaris dalam Old School RuneScape"",16,""2023-01-05T00:00:00Z"",""RPG"",""https://i.imgur.com/5y377j3.jpg"""
"454,454,""Battle Royale Survival Guide in Free Fire"",""Menyediakan panduan bertahan hidup dalam pertandingan Battle Royale di Free Fire"",24,""2023-12-25T00:00:00Z"",""BattleRoyal"",""https://i.imgur.com/1815742.jpg"""
"455,455,""Tournament Level Coaching in Hearthstone"",""Memberikan pelatihan untuk mencapai tingkat turnamen dalam Hearthstone"",13,""2023-12-30T00:00:00Z"",""Puzzle"",""https://i.imgur.com/5y377j3.jpg"""
"456,456,""Cosmetic Collection in Overwatch"",""Mengumpulkan berbagai item kosmetik dalam Overwatch"",23,""2023-01-05T00:00:00Z"",""FPS"",""https://i.imgur.com/1815742.jpg"""
"457,457,""Event Currency Farming in Warframe"",""Mengumpulkan mata uang event untuk mendapatkan item-event dalam Warframe"",26,""2023-12-25T00:00:00Z"",""OpenWorld"",""https://i.imgur.com/5y377j3.jpg"""
"458,458,""Legendary Mount Acquisition in Neverwinter"",""Membantu pemain mendapatkan mount legendaris dalam Neverwinter"",16,""2023-12-30T00:00:00Z"",""RPG"",""https://i.imgur.com/1815742.jpg"""
"459,459,""High Score Achievement in Pinball FX3"",""Membantu pemain mencapai skor tertinggi dalam Pinball FX3"",22,""2023-01-05T00:00:00Z"",""Sports"",""https://i.imgur.com/5y377j3.jpg"""
"460,460,""Virtual Reality Racing Challenges"",""Menawarkan tantangan balap seru melalui pengalaman virtual reality"",27,""2023-12-25T00:00:00Z"",""Sports"",""https://i.imgur.com/1815742.jpg"""
"461,461,""Dungeon Raid Assistance in World of Warcraft"",""Berkolaborasi dalam menyelesaikan raid dungeon dalam World of Warcraft"",16,""2023-12-30T00:00:00Z"",""RPG"",""https://i.imgur.com/5y377j3.jpg"""
"462,462,""Mobile Legends Squad Boosting"",""Meningkatkan kinerja squad Mobile Legends dalam pertandingan"",1,""2023-01-05T00:00:00Z"",""Moba"",""https://i.imgur.com/1815742.jpg"""
"463,463,""Apex Legends Weapon Mastery Tutoring"",""Memberikan pelatihan untuk menguasai senjata dalam Apex Legends"",14,""2023-12-25T00:00:00Z"",""FPS"",""https://i.imgur.com/5y377j3.jpg"""
"464,464,""Fortnite Building Strategy Coaching"",""Memberikan strategi membangun yang efektif dalam Fortnite"",15,""2023-12-30T00:00:00Z"",""BattleRoyal"",""https://i.imgur.com/1815742.jpg"""
"465,465,""Elder Scrolls Online Dungeon Guide"",""Memandu pemain dalam menyelesaikan dungeon dalam Elder Scrolls Online"",16,""2023-01-05T00:00:00Z"",""RPG"",""https://i.imgur.com/5y377j3.jpg"""
"466,466,""Minecraft Redstone Engineering Services"",""Memberikan bantuan dalam pengembangan mesin dan perangkat redstone di Minecraft"",16,""2023-12-25T00:00:00Z"",""OpenWorld"",""https://i.imgur.com/1815742.jpg"""
"467,467,""RPG Character Customization Consultation"",""Konsultasi untuk menyesuaikan karakter RPG sesuai preferensi pemain"",3,""2023-12-30T00:00:00Z"",""RPG"",""https://i.imgur.com/5y377j3.jpg"""
"468,468,""Puzzle Game Walkthrough Services"",""Menyediakan panduan langkah demi langkah untuk menyelesaikan puzzle game"",22,""2023-01-05T00:00:00Z"",""Puzzle"",""https://i.imgur.com/1815742.jpg"""
"469,469,""FPS Aim Improvement Program"",""Program pelatihan untuk meningkatkan keterampilan menembak dalam game FPS"",18,""2023-12-25T00:00:00Z"",""FPS"",""https://i.imgur.com/5y377j3.jpg"""
"470,470,""Open World Photography Expedition in Ghost of Tsushima"",""Menyelenggarakan ekspedisi fotografi dalam dunia terbuka Ghost of Tsushima"",8,""2023-12-30T00:00:00Z"",""OpenWorld"",""https://i.imgur.com/1815742.jpg"""
"471,471,""Horror Game Survival Training in Dead by Daylight"",""Memberikan pelatihan bertahan hidup dalam game horror Dead by Daylight"",7,""2023-01-05T00:00:00Z"",""Horor"",""https://i.imgur.com/5y377j3.jpg"""
"472,472,""Sports Strategy Consultation in FIFA 22"",""Konsultasi strategi untuk meningkatkan kinerja dalam game olahraga FIFA 22"",21,""2023-12-25T00:00:00Z"",""Sports"",""https://i.imgur.com/1815742.jpg"""
"473,473,""Battle Royale Loot Optimization in Apex Legends"",""Optimalkan pengambilan loot untuk meningkatkan kemenangan di Apex Legends"",14,""2023-12-30T00:00:00Z"",""FPS"",""https://i.imgur.com/5y377j3.jpg"""
"474,474,""Adventure Quest Guiding Services"",""Memandu pemain dalam menyelesaikan quest dan menjelajahi dunia petualangan"",11,""2023-01-05T00:00:00Z"",""Adventure"",""https://i.imgur.com/1815742.jpg"""
"475,475,""Virtual Chess Tutoring for Beginners"",""Memberikan pelatihan catur virtual khusus untuk pemula"",16,""2023-12-25T00:00:00Z"",""Puzzle"",""https://i.imgur.com/5y377j3.jpg"""
"476,476,""Epic Racing Challenges in F1 2022"",""Menawarkan tantangan balap epik dalam game balap F1 2022"",27,""2023-12-30T00:00:00Z"",""Sports"",""https://i.imgur.com/1815742.jpg"""
"477,477,""FPS Sniper Training in Warzone"",""Program pelatihan sniper untuk meningkatkan keahlian menembak jarak jauh"",4,""2023-01-05T00:00:00Z"",""FPS"",""https://i.imgur.com/5y377j3.jpg"""
"478,478,""Puzzle-solving Adventure in The Legend of Zelda: Breath of the Wild"",""Berkolaborasi dalam menyelesaikan teka-teki dan petualangan Zelda"",8,""2023-12-25T00:00:00Z"",""Adventure"",""https://i.imgur.com/1815742.jpg"""
"479,479,""RPG Boss Battle Assistance in Final Fantasy XIV"",""Membantu pemain mengatasi bos dalam pertempuran epik di Final Fantasy XIV"",3,""2023-12-30T00:00:00Z"",""RPG"",""https://i.imgur.com/5y377j3.jpg"""
"480,480,""Virtual Reality Sports Challenges"",""Menyajikan tantangan olahraga melalui pengalaman virtual reality"",21,""2023-01-05T00:00:00Z"",""Sports"",""https://i.imgur.com/1815742.jpg"""
"481,481,""Mystery Puzzle Challenge in Resident Evil Village"",""Menyediakan tantangan teka-teki misteri dalam game Resident Evil Village"",7,""2023-12-25T00:00:00Z"",""Horor"",""https://i.imgur.com/5y377j3.jpg"""
"482,482,""Open World Exploration in Cyberpunk 2077"",""Memandu pemain dalam menjelajahi dunia terbuka game Cyberpunk 2077"",8,""2023-12-30T00:00:00Z"",""OpenWorld"",""https://i.imgur.com/1815742.jpg"""
"483,483,""FPS Tactical Mission Planning in Rainbow Six Siege"",""Bantuan dalam merencanakan misi taktis untuk pemain game FPS Rainbow Six Siege"",18,""2023-01-05T00:00:00Z"",""FPS"",""https://i.imgur.com/5y377j3.jpg"""
"484,484,""Mobile Legends Hero Mastery Tutoring"",""Memberikan pelatihan untuk menguasai hero dalam Mobile Legends"",1,""2023-12-25T00:00:00Z"",""Moba"",""https://i.imgur.com/1815742.jpg"""
"485,485,""Joki Akun Dota 2 - Boosting MMR"",""Meningkatkan MMR pemain Dota 2 melalui joki akun yang andal"",2,""2023-12-30T00:00:00Z"",""Moba"",""https://i.imgur.com/5y377j3.jpg"""
"486,486,""Genshin Impact Puzzle-solving Adventure"",""Berkolaborasi dalam menyelesaikan teka-teki dan petualangan di Genshin Impact"",3,""2023-01-05T00:00:00Z"",""RPG"",""https://i.imgur.com/1815742.jpg"""
"487,487,""Fortnite Building Workshop for Beginners"",""Mengadakan workshop membangun untuk pemula dalam game Fortnite"",15,""2023-12-25T00:00:00Z"",""BattleRoyal"",""https://i.imgur.com/5y377j3.jpg"""
"488,488,""Valorant Sniper Training Program"",""Program pelatihan sniper khusus untuk meningkatkan keahlian menembak di Valorant"",18,""2023-12-30T00:00:00Z"",""FPS"",""https://i.imgur.com/1815742.jpg"""
"489,489,""Adventure Quest Guiding in The Witcher 3"",""Memandu pemain dalam menyelesaikan quest dan menjelajahi dunia petualangan di The Witcher 3"",19,""2023-01-05T00:00:00Z"",""RPG"",""https://i.imgur.com/5y377j3.jpg"""
"490,490,""Puzzle Game Companion in Portal 2"",""Menemani pemain selama bermain game puzzle Portal 2 untuk meningkatkan pengalaman"",22,""2023-12-25T00:00:00Z"",""Puzzle"",""https://i.imgur.com/1815742.jpg"""
"491,491,""FPS Squad Strategy Consultation in Call of Duty: Warzone"",""Konsultasi strategi untuk meningkatkan kinerja squad dalam game FPS Call of Duty: Warzone"",4,""2023-12-30T00:00:00Z"",""FPS"",""https://i.imgur.com/5y377j3.jpg"""
"492,492,""Open World Photography Tour in Red Dead Redemption 2"",""Menyediakan tur fotografi virtual dalam dunia terbuka game Red Dead Redemption 2"",8,""2023-01-05T00:00:00Z"",""OpenWorld"",""https://i.imgur.com/1815742.jpg"""
"493,493,""Horror Game Exploration in Amnesia: Rebirth"",""Memandu pemain dalam eksplorasi game horror Amnesia: Rebirth"",7,""2023-12-25T00:00:00Z"",""Horor"",""https://i.imgur.com/5y377j3.jpg"""
"494,494,""Sports Nutrition Consultation for Esports Athletes"",""Konsultasi nutrisi khusus untuk atlet esports yang bermain game olahraga"",21,""2023-12-30T00:00:00Z"",""Sports"",""https://i.imgur.com/1815742.jpg"""
"495,495,""Battle Royale Loot Optimization in Free Fire"",""Optimalkan pengambilan loot untuk meningkatkan kemenangan dalam game Battle Royale Free Fire"",24,""2023-01-05T00:00:00Z"",""BattleRoyal"",""https://i.imgur.com/5y377j3.jpg"""
"496,496,""Adventure Game Storyline Consulting"",""Konsultasi pengembangan cerita untuk game petualangan dengan narasi mendalam"",11,""2023-12-25T00:00:00Z"",""Adventure"",""https://i.imgur.com/1815742.jpg"""
"497,497,""Puzzle Game Level Design Services"",""Menyediakan layanan desain level khusus untuk game puzzle"",22,""2023-12-30T00:00:00Z"",""Puzzle"",""https://i.imgur.com/5y377j3.jpg"""
"498,498,""FPS Weapon Camouflage Crafting"",""Membantu pemain dalam membuat senjata khusus dengan desain camouflage dalam game FPS"",18,""2023-01-05T00:00:00Z"",""FPS"",""https://i.imgur.com/1815742.jpg"""
"499,499,""Mobile Esports Team Coaching"",""Bimbingan dan pelatihan untuk tim esports di platform mobile"",30,""2023-12-25T00:00:00Z"",""Sports"",""https://i.imgur.com/5y377j3.jpg"""
"500,500,""Virtual Reality Horror Game Experience Guide"",""Memandu pemain dalam pengalaman horor virtual reality melalui game"",28,""2023-12-30T00:00:00Z"",""Horor"",""https://i.imgur.com/1815742.jpg"""
